Checking for foreign routines
FRICAS="/home/greg/Git/jlfricas/target/x86_64-linux-gnu"
spad-lib="/home/greg/Git/jlfricas/target/x86_64-linux-gnu/lib/libspad.so"
foreign routines found
openServer result -2
                       FriCAS Computer Algebra System 
       Version: jlFriCAS 1.3.14-julia-dev built with SBCL 2.6.4.debian
                 Timestamp: mar. 04 août 2026 04:37:41 CEST
-----------------------------------------------------------------------------
   Issue )copyright to view copyright notices.
   Issue )summary for a summary of useful system commands.
   Issue )quit to leave FriCAS and return to shell.
-----------------------------------------------------------------------------
 
(1) -> )set message test on
 
)set message auto off
 
)read integ.input
 
)set break resume
 
)expose UnittestCount UnittestAux Unittest
 
   UnittestCount is now explicitly exposed in frame initial 
   UnittestAux is now explicitly exposed in frame initial 
   Unittest is now explicitly exposed in frame initial 

)unexpose WSExpression
 
   WSExpression is now explicitly hidden in frame initial 
)unexpose NMExactCalciumField
 
   NMExactCalciumField is now explicitly hidden in frame initial 

testsuite "integ"
 
   All user variables and function definitions have been cleared.
                                                                   Type: Void

is_evaluated_integral(res, f) ==
    kf := kernels(f)
    for k1 in kernels res repeat
       op := operator k1
       not is?(op, 'integral) and not is?(op, '%iint) => "iterate"
       member?(k1, kf) => "iterate"
       return false
    true
 
                                                                   Type: Void

testIntegrate(f: String, x: String, issue: String): Void ==
    testcaseNoClear("integrate(" f ", " x ") (" issue ")")
    testTrue("(res := integrate(" f ", " x "); true)")
    testTrue("is_evaluated_integral(res, " f ")")
    testEquals("normalize(D(res, " x ") - (" f "))", "0")
 
   Function declaration testIntegrate : (String, String, String) -> 
      Void has been added to workspace.
                                                                   Type: Void

xf1testIntegrate(f: String, x: String, issue: String): Void ==
    testcaseNoClear("integrate(" f ", " x ") (" issue ")")
    xftestTrue("(res := integrate(" f ", " x "); true)")
 
   Function declaration xf1testIntegrate : (String, String, String) -> 
      Void has been added to workspace.
                                                                   Type: Void

xf2testIntegrate(f: String, x: String, issue: String): Void ==
    testcaseNoClear("integrate(" f ", " x ") (" issue ")")
    testTrue("(res := integrate(" f ", " x "); true)")
    xftestTrue("not is?(operator first kernels res, 'integral)")
    testEquals("normalize(D(res, " x ") - (" f "))", "0")
 
   Function declaration xf2testIntegrate : (String, String, String) -> 
      Void has been added to workspace.
                                                                   Type: Void

testIntegrate("sqrt(1+tan(x)^2)", "x", "#436")
 
   Compiling function testIntegrate with type (String, String, String)
       -> Void 
   Compiling function is_evaluated_integral with type (Expression(
      Integer), Expression(Integer)) -> Boolean 
                                                                   Type: Void
xf1testIntegrate("1/(-3+v^3)*v/(-4+v^3)^(1/2)", "v", "#360")
 
   Compiling function xf1testIntegrate with type (String, String, 
      String) -> Void 
                                                                   Type: Void
testIntegrate("log(1-z^3)*(%i*z)^(1/2)", "z", "#440")
 
   Compiling function is_evaluated_integral with type (Expression(
      Complex(Integer)), Expression(Complex(Integer))) -> Boolean 
                                                                   Type: Void

-- xf2testIntegrate("csc(z)*(1-1/(%i*z)^(1/2))^(1/2)", "z", "#442")
testcaseNoClear("csc(z)*(1-1/(%i*z)^(1/2))^(1/2)")
 
                                                                   Type: Void
testTrue("(res := integrate(csc(z)*(1-1/(%i*z)^(1/2))^(1/2), z); true)")
 
                                                                   Type: Void
xftestTrue("not is?(operator first kernels res, 'integral)")
 
                                                                   Type: Void
xftestEquals("normalize(D(res, z) - csc(z)*(1-1/(%i*z)^(1/2))^(1/2))", "0")
 
                                                                   Type: Void

testIntegrate("asin(x/a)", "x", " ")
 
                                                                   Type: Void

-- sanity checks
testIntegrate("(x+1)*exp(x)", "x", "rde")
 
                                                                   Type: Void
testIntegrate("((x^2+x+1)*exp(1/(x+1)))/(x^2+2*x+1)", "x", "rde")
 
                                                                   Type: Void
testIntegrate("((x^3-x^2-3*x+1)*exp(1/(x^2-1)))/(x^3-x^2-x+1)", "x", "rde")
 
                                                                   Type: Void
testIntegrate("x*exp(-log(x) + x)", "x", "rde")
 
                                                                   Type: Void
testIntegrate("e^(1/x)*x^(-3)", "x", "rde")
 
                                                                   Type: Void
testIntegrate("x*exp(log(x) + x)", "x", "rde")
 
                                                                   Type: Void
testIntegrate("sinh(b*log(c*x^n) + a)^2", "x", "rde")
 
                                                                   Type: Void
testIntegrate("x^2*(a+b*x)^p", "x", "rde")
 
                                                                   Type: Void
testIntegrate("x*sqrt(a+b*x)^p", "x", "rde")
 
                                                                   Type: Void
testIntegrate("(x^7-24*x^4-4*x^2+8*x-8)/(x^8+6*x^6+12*x^4+8*x^2)", "x", "rat")
 
   Compiling function is_evaluated_integral with type (Expression(
      Integer), Fraction(Polynomial(Integer))) -> Boolean 
                                                                   Type: Void
testIntegrate("(x-tan(x))/tan(x)^2 + tan(x)", "x", "trig")
 
                                                                   Type: Void
testIntegrate("x^2*log(x^2+a^2)", "x", "elem")
 
                                                                   Type: Void
testIntegrate("(1+x+x*exp(x))*(x+log(x)+exp(x)-1)/(x+log(x)+exp(x))^2/x",
              "x", "elem")
 
                                                                   Type: Void
testIntegrate("(1+x^(1/4))^(1/3)/(x^(1/2))", "x", "alg")
 
                                                                   Type: Void
testIntegrate("((-x-1)*log((x^2+x))^2+2*log(x))/(x+1)", "x", "elem")
 
                                                                   Type: Void
testIntegrate("x/sqrt((1-x^2)*(1-k^2*x^2))", "x", "alg")
 
                                                                   Type: Void
testIntegrate("sqrt(1/x+1)*sqrt(x)-sqrt(x+1)", "x", "alg")
 
                                                                   Type: Void
-- Abel example
testIntegrate("(5*x-1)/sqrt(x^4 + 2*x^2 - 4*x + 1)", "x", "alg")
 
                                                                   Type: Void
-- Masser and Zannier
testIntegrate("5*x^2/sqrt(x^6 +x)", "x", "alg")
 
                                                                   Type: Void

-- used to fail due to wrong normalization
testIntegrate("1/x*(exp(log(x)/2+x))^2", "x", "rde")
 
                                                                   Type: Void
testIntegrate("exp(x)*exp(exp(x) + 1 + log(exp(x) + 3)/2)^2/(exp(x) + 3)",
               "x", "rde")
 
                                                                   Type: Void

-- bug in RDE
testIntegrate("((a*x+1)*exp(x)+(a+1)*x)*exp(a*log(exp(x)+x))/(exp(x)+x)",
              "x", "rde")
 
                                                                   Type: Void
testIntegrate(
 "((x*2^(1/2)+1)*exp(x)+(x*2^(1/2)+x))*exp(2^(1/2)*log(exp(x)+x))/(exp(x)+x)",
   "x", "rde")
 
                                                                   Type: Void
fun1 := D(x*exp(a*log(log(x)/(x+1)+1)), x)
 

   (37)
                                                           log(x) + x + 1
                                                     a log(--------------)
                              2                                 x + 1
   (((- a + 1)x + 1)log(x) + x  + (a + 2)x + a + 1)%e
   -----------------------------------------------------------------------
                                          2
                         (x + 1)log(x) + x  + 2 x + 1
                                                    Type: Expression(Integer)
testIntegrate("fun1", "x", "rde")
 
                                                                   Type: Void
fun2 := D(x*exp(sqrt(2)*log(log(x)/(x+1)+1)), x)
 

   (39)
             +-+                          +-+    2
       ((- x\|2  + x + 1)log(x) + (x + 1)\|2  + x  + 2 x + 1)
    *
          +-+    log(x) + x + 1
         \|2 log(--------------)
                      x + 1
       %e
  /
                      2
     (x + 1)log(x) + x  + 2 x + 1
                                                    Type: Expression(Integer)
testIntegrate("fun2", "x", "rde")
 
                                                                   Type: Void
fun3 := D(x*exp(x*log(x)/(log(x)+1))*log(exp(x*log(x)/(log(x)+1))+1), x)
 

   (41)
                                                       x log(x)  2
                                                      ----------
                         2                            log(x) + 1
           ((x + 1)log(x)  + (x + 2)log(x) + x + 1)(%e          )
         + 
                                                      x log(x)
                                                     ----------
                         2                           log(x) + 1
           ((x + 1)log(x)  + (x + 2)log(x) + x + 1)%e
      *
                x log(x)
               ----------
               log(x) + 1
         log(%e           + 1)
     + 
                                     x log(x)  2
                                    ----------
                2                   log(x) + 1
       (x log(x)  + x log(x) + x)(%e          )
  /
                                x log(x)
                               ----------
            2                  log(x) + 1         2
     (log(x)  + 2 log(x) + 1)%e           + log(x)  + 2 log(x) + 1
                                                    Type: Expression(Integer)
testIntegrate("fun3", "x", "rde")
 
                                                                   Type: Void

testIntegrate("((2*x^2-3*x)*log(x)-a)*exp(-a*log(log(x))+(x^2-3*x))"
              "/(x*log(x))", "x", "rde")
 
                                                                   Type: Void

-- Rotstein & Bronstein, third case
-- Integrate[(2581284441*Exp[x] + 1757211400)*Exp[1/(Exp[x]+1) - 10*x]/
--  (39916800*Exp[3*x] + 119750400*Exp[2*x] + 119750400*Exp[x] + 39916800), x]
testIntegrate("(2581284541*exp(x) + 1757211400)*exp(1/(exp(x)+1) - 10*x)/"
              "(39916800*exp(3*x) + 119750400*exp(2*x) + 119750400*exp(x)"
               " + 39916800)", "x", "rde")
 
                                                                   Type: Void

fun4 := D(log(log(log(x)))*exp(log(x) + x)*(x + 1/(log(x)^2 + x)), x)
 

   (45)
             2             5       3      2               3           2
           (x  + 2 x)log(x)  + (2 x  + 4 x  + x + 1)log(x)  - 2 log(x)
         + 
             4      3    2
           (x  + 2 x  + x )log(x)
      *
           log(x) + x
         %e          log(log(x))log(log(log(x)))
     + 
                4       2           2    3       log(x) + x
       (x log(x)  + (2 x  + 1)log(x)  + x  + x)%e
  /
              5      2      3    3
     (x log(x)  + 2 x log(x)  + x log(x))log(log(x))
                                                    Type: Expression(Integer)
testIntegrate("fun4", "x", "rde")
 
                                                                   Type: Void

-- Just algebraic Hermite
testIntegrate(
   "(4*(log(x)-1)*(log(x)^2+x+1)^(1/2)+(2*log(x)^2-2*log(x)+x+2))/"
     "((10*log(x)^2+2*x+2)*(log(x)^2+x+1)^(1/2)+8*log(x)^3+(8*x+8)*log(x))",
       "x", "alg")
 
                                                                   Type: Void
-- Needs recursive call to integrator
testIntegrate(
   "(4*(log(x)-1)*(log(x)^2+x+1)^(1/2)+(2*log(x)^2-2*log(x)+x+2))/"
     "((10*log(x)^2+2*x+2)*(log(x)^2+x+1)^(1/2)+8*log(x)^3+(8*x+8)*log(x))+"
       "1/x", "x", "alg")
 
                                                                   Type: Void
testIntegrate(
   "(4*(log(x)-1)*(log(x)^2+x+1)^(1/2)+(2*log(x)^2-2*log(x)+x+2))/"
     "((10*log(x)^2+2*x+2)*(log(x)^2+x+1)^(1/2)+8*log(x)^3+(8*x+8)*log(x))+"
       "1/x^2", "x", "alg")
 
                                                                   Type: Void

-- Needs logarithmic derivative in algebraic extension
testIntegrate("sqrt(z)^I^2", "x", "rde")
 
                                                                   Type: Void
-- D(exp(ellipticF(x, m)), x)
testIntegrate("exp(ellipticF(x,m))/((1-m*x^2)^(1/2)*(1-x^2)^(1/2))",
              "x", "rde")
 
                                                                   Type: Void
-- D(x*exp(ellipticF(x, m)), x)
testIntegrate("(((1-m*x^2)^(1/2)*(1-x^2)^(1/2)+x)*exp(ellipticF(x,m)))/"
              "((1-m*x^2)^(1/2)*(1-x^2)^(1/2))", "x", "rde")
 
                                                                   Type: Void
--  D((x+sqrt(1-x^2)*sqrt(1-m*x^2))*exp(ellipticF(x, m)), x)
testIntegrate("((2*(1-m*x^2)^(1/2)*(1-x^2)^(1/2)+2*m*x^3-m*x)*"
              "exp(ellipticF(x,m)))/((1-m*x^2)^(1/2)*(1-x^2)^(1/2))",
                "x", "rde")
 
                                                                   Type: Void

-- D(li(x)*exp(x+li(x)), x)
testIntegrate("((li(x)*log(x)+li(x)+1)*exp(li(x)+x))/log(x)", "x", "rde")
 
                                                                   Type: Void
--  D(exp(li(x) + x)/(li(x) + x), x)
testIntegrate("(((li(x)+x-1)*log(x)+li(x)+x-1)*exp(li(x)+x))/"
              "((li(x)^2+2*x*li(x)+x^2)*log(x))", "x", "rde")
 
                                                                   Type: Void

-- just a few easy examples
testIntegrate("(x^3-x^2-3*x+1)*exp(1/(x^2-1))/(x^3-x^2-x+1)", "x", "rde")
 
                                                                   Type: Void
testIntegrate("((x + 1)*log(x)^2 - 1)*exp(x + 1/log(x))/log(x)^2", "x", "rde")
 
                                                                   Type: Void
testIntegrate("((3*x+1)*log(x)+3*x^2+4*x+3)*exp(x+log(x)/3)/x", "x", "rde")
 
                                                                   Type: Void
testIntegrate("(3*x^2+5*x)*exp(x + log(x^2-1)/3)/(x+1)", "x", "rde")
 
                                                                   Type: Void
testIntegrate("((3*x+1)*log(x)+3*x^2-2*x-3)*exp(x+log(x)/3)/(x*log(x)^2+2*x^2*log(x)+x^3)", "x", "rde")
 
                                                                   Type: Void
testIntegrate("(2*log(x)^2+3*x*log(x)+x^2-x-1)*exp(log(x)^2+x)/(x*log(x)^2+2*x^2*log(x)+x^3)", "x", "rde")
 
                                                                   Type: Void
testIntegrate("(2*log(x)^2+3*x*log(x)+x^2+x+1)*exp(log(x)^2+x)/x", "x", "rde")
 
                                                                   Type: Void
testIntegrate("((x-3)*log(x)+4*x^2)*exp(1/x+log(x)/3)/x^2", "x", "rde")
 
                                                                   Type: Void

-- extended integration
fun := D(log(exp(log(x+1)+x)*x)^2, x)
 

             2                   log(x + 1) + x
         (2 x  + 6 x + 2)log(x %e              )
   (64)  ---------------------------------------
                           2
                          x  + x
                                                    Type: Expression(Integer)
testIntegrate("fun", "x", "extint")
 
                                                                   Type: Void
-- D((log(x*(1+x)) - log(x*(x+2)))*log(x+exp(x)), x)
testIntegrate("log(x+exp(x))/(x^2 + 3*x + 2) + "
    "(log(x*(1+x)) - log(x*(x+2)))*(exp(x) + 1)/(exp(x) + x)", "x", "extint")
 
                                                                   Type: Void
fun := D((log(x*(1+x)) - log(x*(x+2)))*log(x+exp(x))^2, x)
 

   (67)
          x           x     2
       (%e  + x)log(%e  + x)
     + 
                  2             x      2                2
           ((- 2 x  - 6 x - 4)%e  - 2 x  - 6 x - 4)log(x  + 2 x)
         + 
                2             x      2                2
           ((2 x  + 6 x + 4)%e  + 2 x  + 6 x + 4)log(x  + x)
      *
               x
         log(%e  + x)
  /
       2             x    3      2
     (x  + 3 x + 2)%e  + x  + 3 x  + 2 x
                                                    Type: Expression(Integer)
testIntegrate("fun", "x", "extint")
 
                                                                   Type: Void
fun := D((log(x*(1+x)) - log(x*(x+2)))^2*log(x+exp(x))^2, x)
 

   (69)
               x            2               x            2            x     2
       ((- 2 %e  - 2 x)log(x  + 2 x) + (2 %e  + 2 x)log(x  + x))log(%e  + x)
     + 
                2             x      2                2       2
           ((2 x  + 6 x + 4)%e  + 2 x  + 6 x + 4)log(x  + 2 x)
         + 
                  2              x      2                 2          2
           ((- 4 x  - 12 x - 8)%e  - 4 x  - 12 x - 8)log(x  + x)log(x  + 2 x)
         + 
                2             x      2                2     2
           ((2 x  + 6 x + 4)%e  + 2 x  + 6 x + 4)log(x  + x)
      *
               x
         log(%e  + x)
  /
       2             x    3      2
     (x  + 3 x + 2)%e  + x  + 3 x  + 2 x
                                                    Type: Expression(Integer)
testIntegrate("fun", "x", "extint")
 
                                                                   Type: Void
-- D(Ei(x)*log(x+exp(x))^2, x)
testIntegrate("exp(x)*log(x+exp(x))^2/x + "
              "2*Ei(x)*(exp(x) + 1)/(exp(x) + x)*log(x+exp(x))", "x", "extint")
 
                                                                   Type: Void
-- D(li(x)*log(x+exp(x))^2, x)
testIntegrate("log(x+exp(x))^2/log(x) + 2*li(x)*"
              "(exp(x) + 1)/(exp(x) + x)*log(x+exp(x))", "x", "extint")
 
                                                                   Type: Void
fun := D((x*exp((exp(x) + 1)/exp(x)))*log(exp((exp(x) + 1)/exp(x))+1), x)
 

   (73)
                      x     2                x             x
                    %e  + 1                %e  + 1       %e  + 1
                    -------                -------       -------
                        x                      x             x
           x          %e           x         %e            %e
       ((%e  - x)(%e       )  + (%e  - x)%e       )log(%e        + 1)
     + 
                x     2
              %e  + 1
              -------
                  x
                %e
       - x (%e       )
  /
            x
          %e  + 1
          -------
              x
       x    %e        x
     %e %e        + %e
                                                    Type: Expression(Integer)
testIntegrate("fun", "x", "extint")
 
                                                                   Type: Void
fun := D((exp((exp(x) + 1)/exp(x))/exp(x))*log(exp((exp(x) + 1)/exp(x))+1), x)
 

   (75)
                        x     2                  x             x
                      %e  + 1                  %e  + 1       %e  + 1
                      -------                  -------       -------
                          x                        x             x
             x          %e             x         %e            %e
       ((- %e  - 1)(%e       )  + (- %e  - 1)%e       )log(%e        + 1)
     + 
              x     2
            %e  + 1
            -------
                x
              %e
       - (%e       )
  /
               x
             %e  + 1
             -------
                 x
        x 2    %e         x 2
     (%e ) %e        + (%e )
                                                    Type: Expression(Integer)
testIntegrate("fun", "x", "extint")
 
                                                                   Type: Void
fun := D((x*exp((exp(x)^2 + 1)/exp(x)))*log(exp((exp(x) + 1)/exp(x))+1), x)
 

   (77)
                                  x                               x 2
                                %e  + 1                        (%e )  + 1
                                -------                        ----------
                                    x                                x
                x 2     x         %e           x 2     x           %e
         ((x (%e )  + %e  - x)%e        + x (%e )  + %e  - x)%e
      *
                 x
               %e  + 1
               -------
                   x
                 %e
         log(%e        + 1)
     + 
               x         x 2
             %e  + 1  (%e )  + 1
             -------  ----------
                 x          x
               %e         %e
       - x %e       %e
  /
            x
          %e  + 1
          -------
              x
       x    %e        x
     %e %e        + %e
                                                    Type: Expression(Integer)
testIntegrate("fun", "x", "extint")
 
                                                                   Type: Void
fun := D((exp((exp(x)^2 + 1)/exp(x))/exp(x))*log(exp((exp(x) + 1)/exp(x))+1), x)
 

   (79)
                                x                             x 2
                              %e  + 1                      (%e )  + 1
                              -------                      ----------
                                  x                              x
              x 2     x         %e         x 2     x           %e
         (((%e )  - %e  - 1)%e        + (%e )  - %e  - 1)%e
      *
                 x
               %e  + 1
               -------
                   x
                 %e
         log(%e        + 1)
     + 
             x         x 2
           %e  + 1  (%e )  + 1
           -------  ----------
               x          x
             %e         %e
       - %e       %e
  /
               x
             %e  + 1
             -------
                 x
        x 2    %e         x 2
     (%e ) %e        + (%e )
                                                    Type: Expression(Integer)
testIntegrate("fun", "x", "extint")
 
                                                                   Type: Void
fun := D(x*exp(exp(x)^2 + exp(x))*log(exp(exp(x)^2 + exp(x)) + 1), x)
 

   (81)
                                         x 2     x 2
                   x 2       x        (%e )  + %e
           (2 x (%e )  + x %e  + 1)(%e            )
         + 
                                        x 2     x
                   x 2       x       (%e )  + %e
           (2 x (%e )  + x %e  + 1)%e
      *
                  x 2     x
               (%e )  + %e
         log(%e             + 1)
     + 
                                 x 2     x 2
               x 2       x    (%e )  + %e
       (2 x (%e )  + x %e )(%e            )
  /
          x 2     x
       (%e )  + %e
     %e             + 1
                                                    Type: Expression(Integer)
testIntegrate("fun", "x", "extint")
 
                                                                   Type: Void
fun := D((exp(exp(x)^2 + exp(x))/exp(x))*log(exp(exp(x)^2 + exp(x)) + 1), x)
 

   (83)
                                     x 2     x 2
                 x 2     x        (%e )  + %e
           (2 (%e )  + %e  - 1)(%e            )
         + 
                                    x 2     x
                 x 2     x       (%e )  + %e
           (2 (%e )  + %e  - 1)%e
      *
                  x 2     x
               (%e )  + %e
         log(%e             + 1)
     + 
                             x 2     x 2
             x 2     x    (%e )  + %e
       (2 (%e )  + %e )(%e            )
  /
             x 2     x
       x  (%e )  + %e      x
     %e %e             + %e
                                                    Type: Expression(Integer)
testIntegrate("fun", "x", "extint")
 
                                                                   Type: Void
fun := D((x/(exp(x) + x))*erf(x*exp(x) + 1) + erf(x*exp(x) + 1)^2, x)
 

   (85)
                          x 3       2          x 2       3      2   x
             ((4 x + 4)(%e )  + (8 x  + 8 x)(%e )  + (4 x  + 4 x )%e )
          *
                     x
             erf(x %e  + 1)
         + 
               2          x 2       3      2   x
           (2 x  + 2 x)(%e )  + (2 x  + 2 x )%e
      *
              2   x 2         x
           - x (%e )  - 2 x %e  - 1
         %e
     + 
                  x +---+        x
       (- x + 1)%e \|%pi erf(x %e  + 1)
  /
         x 2         x    2  +---+
     ((%e )  + 2 x %e  + x )\|%pi
                                                    Type: Expression(Integer)
testIntegrate("fun", "x", "extint")
 
                                                                   Type: Void
testIntegrate("asin(x)*log(x)", "x", "extint")
 
                                                                   Type: Void
testIntegrate("log(x + sqrt(1 + x^2))/(1 - x^2)^(3/2)", "x", "extint")
 
                                                                   Type: Void

-- elliptic

-- D(ellipticF(x, 3/2), x)
testIntegrate("1/((1 - (3/2)*x^2)^(1/2)*(1 - x^2)^(1/2))", "x", "ellip")
 
                                                                   Type: Void
-- D(weierstrassPInverse(2, 0, x), x)
testIntegrate("1/(4*x^3-2*x)^(1/2)", "x", "ellip")
 
                                                                   Type: Void
-- D(weierstrassPInverse(2, 1, x + 3), x)
testIntegrate("1/sqrt(4*x^3+36*x^2+106*x+101)", "x", "ellip")
 
                                                                   Type: Void
-- -D(weierstrassPInverse(2, 1, -x + 3), x)
testIntegrate("1/sqrt(-4*x^3 + 36*x^2 - 106*x+101)", "x", "ellip")
 
                                                                   Type: Void
-- -D(weierstrassZeta(3, 2, weierstrassPInverse(3, 2, x)), x)
testIntegrate("x/sqrt(4*x^3 - 3*x - 2)", "x", "ellip")
 
                                                                   Type: Void
-- -D(weierstrassZeta(3, 2, weierstrassPInverse(3, 2, x + 2)), x)
testIntegrate("(x + 2)/sqrt(4*x^3 + 24*x^2 + 45*x + 24)", "x", "ellip")
 
                                                                   Type: Void
-- -D(weierstrassZeta(3, 2, weierstrassPInverse(3, 2, -x)), x)
testIntegrate("x/(-4*x^3 + 3*x -2)^(1/2)", "x", "ellip")
 
                                                                   Type: Void
-- -D(weierstrassZeta(3, 2, weierstrassPInverse(3, 2, -x + 2)), x)
testIntegrate("(x - 2)/sqrt(-4*x^3 + 24*x^2 - 45*x + 24)", "x", "ellip")
 
                                                                   Type: Void
-- D(weierstrassZeta(3, 2, weierstrassPInverse(3, 2, 1/x+1)), x)
testIntegrate("(x + 1)/(x^3*sqrt((-x^3 + 9*x^2 + 12*x + 4)/(x^3)))",
              "x", "ellip")
 
                                                                   Type: Void
-- D(ellipticE(x, 3) + (1/x)*sqrt(1 - x^2)*sqrt(1 - 3*x^2), x)
testIntegrate("(x^2 - 1)/(x^2*(-3*x^2+1)^(1/2)*(-1*x^2+1)^(1/2))",
              "x", "ellip")
 
                                                                   Type: Void
-- No logarithmic parts, so integrable
testIntegrate("sqrt(4*x^3 + x^2 + 1)", "x", "ellip")
 
                                                                   Type: Void
testIntegrate("x*sqrt(4*x^3 + x^2 + 1)", "x", "ellip")
 
                                                                   Type: Void
testIntegrate("x^2*sqrt(4*x^3 + x^2 + 1)", "x", "ellip")
 
                                                                   Type: Void
-- x*sqrt(4*x^3 + x^2 + 1) + D((1/x)*sqrt(4*x^3 + x^2 + 1), x)
testIntegrate("(4*x^6+x^5+3*x^3-1)/(x^2*(4*x^3+x^2+1)^(1/2))", "x", "ellip")
 
                                                                   Type: Void

-- D(ellipticF(x, -1), x)
testIntegrate("1/((-x^2+1)^(1/2)*(x^2+1)^(1/2))", "x", "ellip")
 
                                                                   Type: Void
-- D(ellipticF(x, -1/2), x)
testIntegrate("1/((-x^2+1)^(1/2)*((x^2+2)/2)^(1/2))", "x", "ellip")
 
                                                                   Type: Void
-- D(ellipticF(x, -3/2), x)
testIntegrate("1/((-x^2+1)^(1/2)*((3*x^2+2)/2)^(1/2))", "x", "ellip")
 
                                                                   Type: Void
-- D(ellipticE(x, -1), x)
testIntegrate("(x^2+1)^(1/2)/(-x^2+1)^(1/2)", "x", "ellip")
 
                                                                   Type: Void
-- D(ellipticF(x, -1/2), x)
testIntegrate("((x^2+2)/2)^(1/2)/(-x^2+1)^(1/2)", "x", "ellip")
 
                                                                   Type: Void
-- D(ellipticF(x, -3/2), x)
testIntegrate("((3*x^2+2)/2)^(1/2)/(-x^2+1)^(1/2)", "x", "ellip")
 
                                                                   Type: Void

-- D(ellipticF(x+2/x, 3), x)
xf2testIntegrate("(x^2-2)/(x^2*((-3*x^4-11*x^2-12)/(x^2))^(1/2)*((-x^4-3*x^2-4)/(x^2))^(1/2))", "x", "ellip")
 
   Compiling function xf2testIntegrate with type (String, String, 
      String) -> Void 
                                                                   Type: Void
xf2testIntegrate("(x^2-2)/((-3*x^4-11*x^2-12)^(1/2)*(-x^4-3*x^2-4)^(1/2))",
                 "x", "ellip")
 
                                                                   Type: Void
xf2testIntegrate("(x^2-2)/((-3*x^4-11*x^2-12)*(-x^4-3*x^2-4))^(1/2)",
                 "x", "ellip")
 
                                                                   Type: Void
-- D(ellipticF(x^3+2*x+1, 3), x)
xf2testIntegrate("(3*x^2+2)/((-3*x^6-12*x^4-6*x^3-12*x^2-12*x-2)^(1/2)*(-x^6-4*x^4-2*x^3-4*x^2-4*x)^(1/2))", "x", "ellip")
 
                                                                   Type: Void
xf2testIntegrate("(3*x^2+2)/((-3*x^6-12*x^4-6*x^3-12*x^2-12*x-2)*(-x^6-4*x^4-2*x^3-4*x^2-4*x))^(1/2)", "x", "ellip")
 
                                                                   Type: Void

-- li

testIntegrate("1/log(x)", "x", "li")
 
                                                                   Type: Void
testIntegrate("1/(log(x) + 1)", "x", "li")
 
                                                                   Type: Void
testIntegrate("1/(log(x)^2-1)", "x", "li")
 
                                                                   Type: Void
testIntegrate("x/log(x)", "x", "li")
 
                                                                   Type: Void
testIntegrate("x/(log(x)+1)", "x", "li")
 
                                                                   Type: Void
testIntegrate("(x+1)/(x*log(x))", "x", "li")
 
                                                                   Type: Void
testIntegrate("(x+1)/(x*log(log(x) + x))", "x", "li")
 
                                                                   Type: Void
testIntegrate("(3*x^2+2)/log(x^3+2*x+1)", "x", "li")
 
                                                                   Type: Void
testIntegrate("((x + 1)*log(x) + x^2  + x)/(x*log(log(x) + x))", "x", "li")
 
                                                                   Type: Void
testIntegrate("((x + 1)*log(x) + x^2  - 1)/(x*log(log(x) + x))", "x", "li")
 
                                                                   Type: Void
testIntegrate("(2*log(x)^2 - log(x) - x^2)/(log(x)^3 - x^2*log(x))",
              "x", "li")
 
                                                                   Type: Void

testIntegrate("((x+1)*exp(x))/log(x*exp(x))", "x", "li")
 
                                                                   Type: Void
-- the same, but written in a different way
testIntegrate("((x+1)*exp(x))/(x + log(x))", "x", "li")
 
                                                                   Type: Void

testIntegrate("((2*x+2)*exp(x)*log(x)+(2*x^2+2*x)*exp(x))/(log(x)^2+2*x*log(x)+x^2-2)", "x", "li")
 
                                                                   Type: Void
testIntegrate("exp(x)/log(exp(x)+1)", "x", "li")
 
                                                                   Type: Void
testIntegrate("(2*exp(x)^2+exp(x))/log(exp(x)^2+exp(x))", "x", "li")
 
                                                                   Type: Void
-- the same, but written in a different way
testIntegrate("(2*exp(x)^2+exp(x))/(x + log(exp(x) + 1))", "x", "li")
 
                                                                   Type: Void
xf2testIntegrate("(4*x^6-14*x^5-8*x^4-16*x^3-12*x^2-2*x)/((x^4-8*x^3+24*x^2-32*x+16)*log((x^4+2*x^2+1)/(x^2-4*x+4)))", "x", "li")
 
                                                                   Type: Void
-- the same, but written in a different way
testIntegrate("(4*x^6-14*x^5-8*x^4-16*x^3-12*x^2-2*x)/((x^4-8*x^3+24*x^2-32*x+16)*2*log((x^2+1)/(x-2)))", "x", "li")
 
                                                                   Type: Void
testIntegrate("(-2*x^8+8*x^7-4*x^6+23*x^5+10*x^4-11*x^3+54*x^2-12*x-6)/((x^7-6*x^6+14*x^5-20*x^4+25*x^3-22*x^2+12*x-8)*log((x-2)/(x^2+1)))", "x", "li")
 
                                                                   Type: Void

-- normalize is too weak to prove equality
-- testIntegrate("8*x/((x^4 + 2*x^2 + 1)*atan(x))", "x", "li")
-- testIntegrate("(x^2 + 8*x + 1)/((x^4 + 2*x^2 + 1)*atan(x))", "x", "li")

-- polylog
testIntegrate("x/(exp(x) - 1)", "x", "poly")
 
                                                                   Type: Void
testIntegrate("x^2/(exp(x) - 1)", "x", "poly")
 
                                                                   Type: Void
testIntegrate("x^3/(exp(x) - 1)", "x", "poly")
 
                                                                   Type: Void
testIntegrate("2*x*exp(x)/(exp(x)^2 - 1)", "x", "poly")
 
                                                                   Type: Void
testIntegrate("x/(exp(x) - 2)", "x", "poly")
 
                                                                   Type: Void
testIntegrate("(2*x*exp(x) - 3*x)/(exp(x)^2 -3*exp(x) + 2)", "x", "poly")
 
                                                                   Type: Void
testIntegrate("2*x*exp(x)/(exp(x)^2 - 2)", "x", "poly")
 
                                                                   Type: Void
testIntegrate("((x+1)*log(x)+(x^2+x))/(x*exp(log(x)+x) - x)", "x", "poly")
 
                                                                   Type: Void
-- the same, but written in a different way
xf2testIntegrate("((x+1)*log(x)+(x^2+x))/(x^2*exp(x) - x)", "x", "poly")
 
                                                                   Type: Void
testIntegrate("x/(c+b*%e^(d*x)+a*%e^(2*d*x))", "x", "poly")
 
                                                                   Type: Void
testIntegrate("((-4*x-8)*log(x)+(-2*x^2-4*x))/(3*x*exp(2*log(x)+x)^2-x)", "x", "poly")
 
                                                                   Type: Void
-- the same, but written in a different way
testIntegrate("((-4*x-8)*log(x)+(-2*x^2-4*x))/(3*x^3*exp(log(x)+x)^2-x)", "x", "poly")
 
                                                                   Type: Void
testIntegrate("((8*x+16)*log(x)^2+(8*x^2+18*x+4)*log(x)+(2*x^3+5*x^2+2*x))/(x*exp(2*log(x)+x)+x)", "x", "poly")
 
                                                                   Type: Void
-- the same, but written in a different way
testIntegrate("((8*x+16)*log(x)^2+(8*x^2+18*x+4)*log(x)+(2*x^3+5*x^2+2*x))/(a*x^2*exp(log(x)+x)+x)", "x", "poly")
 
                                                                   Type: Void
testIntegrate("((8*x+16)*log(x)^2+(8*x^2+18*x+4)*log(x)+(2*x^3+5*x^2+2*x))/(a*exp(3*log(x)+x)+x)", "x", "poly")
 
                                                                   Type: Void
testIntegrate("((-16*x-32)*log(x)^2+(-16*x^2-36*x-8)*log(x)+(-4*x^3-10*x^2-4*x))/(2*x^3*exp(log(x)+x)^2-x)", "x", "poly")
 
                                                                   Type: Void
testIntegrate("x/sinh(x)", "x", "poly")
 
                                                                   Type: Void
testIntegrate("x^2/sinh(x)", "x", "poly")
 
                                                                   Type: Void
testIntegrate("x/sinh(x+2)", "x", "poly")
 
                                                                   Type: Void
testIntegrate("x^2/sinh(x+2)", "x", "poly")
 
                                                                   Type: Void
testIntegrate("x^2/sinh(a*x+b)", "x", "poly")
 
                                                                   Type: Void
testIntegrate("x^2/(cosh(x) + 1)", "x", "poly")
 
                                                                   Type: Void
testIntegrate("log(sinh(x))", "x", "poly")
 
                                                                   Type: Void
testIntegrate("x*log(sinh(x))", "x", "poly")
 
                                                                   Type: Void
testIntegrate("x*log(sinh(x+a))", "x", "poly")
 
                                                                   Type: Void
testIntegrate("log(cosh(x)+1)", "x", "poly")
 
                                                                   Type: Void
testIntegrate("((x+1)*log(sinh((x+1)/(x-1))))/(x^3-3*x^2+3*x-1)", "x", "poly")
 
                                                                   Type: Void

testIntegrate("log(x)/x^2 + log(x)/(1 - x)", "x", "poly")
 
                                                                   Type: Void
testIntegrate("log(x)^2/(1 - x)", "x", "poly")
 
                                                                   Type: Void
-- Rich
-- not integrable, but similar
testcaseNoClear("1/(x*log(a + b*x))")
 
                                                                   Type: Void
testTrue("(integrate(1/(x*log(a + b*x)), x); true)")
 
                                                                   Type: Void

testIntegrate("1/(x^2*log(a*x^n))", "x", "poly")
 
                                                                   Type: Void

-- Cherry, Caviness
testIntegrate("x/log(x)^2", "x", "li")
 
                                                                   Type: Void
testIntegrate("1/(log(x)+3)", "x", "li")
 
                                                                   Type: Void
testIntegrate("x^2/log(x+1)", "x", "li")
 
                                                                   Type: Void
testIntegrate("exp(x)/(x+1)^2", "x", "Ei")
 
                                                                   Type: Void
testIntegrate("x^3/log(x^2 - 1)", "x", "li")
 
                                                                   Type: Void
-- Kelly Roach
-- Ei integrable
-- result is OK, but normalize fails to simplify it due to
-- complex coefficients
-- testIntegrate("cos(b*x)*atan(a/x^2)", "x", "Ei")
testcaseNoClear("cos(b*x)*atan(a/x^2)")
 
                                                                   Type: Void
testTrue("(integrate(cos(b*x)*atan(a/x^2), x); true)")
 
                                                                   Type: Void
-- erf integrable
testIntegrate("cos(a*x^2+b*x)", "x", "erf")
 
                                                                   Type: Void
-- Knowles
testIntegrate("exp(-x^2 - erf(x)^2)", "x", "erf")
 
                                                                   Type: Void
-- D(-sqrt(%pi)*erf(1/sqrt(log(x))), x)
xf2testIntegrate("exp(-1/log(x))/(x*log(x)*sqrt(log(x)))", "x", "erf")
 
                                                                   Type: Void
-- the same, but written in a different way
xf2testIntegrate("exp(-(1/2)*log(log(x)) -1/log(x))/(x*log(x))", "x", "erf")
 
                                                                   Type: Void

testIntegrate("x*exp(x^4)", "x", "erf")
 
                                                                   Type: Void
testIntegrate("(2*x+1)*exp(-x^4-2*x^3-x^2)", "x", "erf")
 
                                                                   Type: Void
testIntegrate("(2*x+1)*exp(-x^4-2*x^3-x^2 + 2)", "x", "erf")
 
                                                                   Type: Void
-- sqrt(%pi)*D(erfi(x+1/x), x)/2
testIntegrate("(x^2-1)*exp((x^4+2*x^2+1)/x^2)/x^2", "x", "erf")
 
                                                                   Type: Void
-- two terms
testIntegrate("exp((x^4+2*x^2+1)/x^2)/x^2", "x", "erf")
 
                                                                   Type: Void
-- sqrt(%pi)*D(erfi(x+1/x^2), x)/2
testIntegrate("(x^3-2)*exp((x^6+2*x^3+1)/x^4)/x^3", "x", "erf")
 
                                                                   Type: Void
-- sqrt(%pi)*D(erfi(1/x), x)/2
testIntegrate("exp(1/(x^2))/x^2", "x", "erf")
 
                                                                   Type: Void
-- sqrt(%pi)*D(erfi(1/x), x)/2 + D(exp(1/x^2), x)
testIntegrate("-(x+2)*exp(1/(x^2))/x^3", "x", "erf")
 
                                                                   Type: Void
-- sqrt(%pi)*D(erfi(1/x), x)/2 + D(x*exp(1/x^2), x)
testIntegrate("(x^2-3)*exp(1/(x^2))/x^2", "x", "erf")
 
                                                                   Type: Void
-- sqrt(%pi)*D(erf(log(x) + 1), x)/2
testIntegrate("exp(-log(x)^2-2*log(x)-1)/x", "x", "erf")
 
                                                                   Type: Void
-- + D(exp(-log(x)^2-2*log(x)-1), x)
testIntegrate("(-2*log(x)-1)*exp(-log(x)^2-2*log(x)-1)/x", "x", "erf")
 
                                                                   Type: Void

-- sqrt(%pi)*D(erfi(x + log(x) + 1), x)/2
testIntegrate("(x+1)*exp(log(x)^2+(2*x+2)*log(x)+x^2+2*x+1)/x", "x", "erf")
 
                                                                   Type: Void
testIntegrate("(x+1)*exp(log(x)^2+(2*x+2)*log(x)+x^2+2*x)/x", "x", "erf")
 
                                                                   Type: Void
testIntegrate("(x^2+x)*exp(log(x)^2+2*x*log(x)+x^2+2*x)", "x", "erf")
 
                                                                   Type: Void
-- sqrt(%pi)*D(erfi(x + log(x)^2 + 1), x)/2
testIntegrate("(2*log(x)+x)*exp(log(x)^4+(2*x+2)*log(x)^2+x^2+2*x+1)/x",
              "x", "erf")
 
                                                                   Type: Void
testIntegrate("(2*log(x)+x)*exp(log(x)^4+(2*x+2)*log(x)^2+x^2+2*x)/x",
              "x", "erf")
 
                                                                   Type: Void
testIntegrate("(2*log(x)+x)*exp(log(x)^4+(2*x+2)*log(x)^2-log(x)+x^2+2*x)",
              "x", "erf")
 
                                                                   Type: Void
testIntegrate("(2*x+2)*exp(-log(x)^2+(-2*x-2)*log(x)-x^2-2*x-1)/x", "x", "erf")
 
                                                                   Type: Void
testIntegrate("(2*x+2)*exp(-log(x)^2+(-2*x-2)*log(x)-x^2-2*x)/x", "x", "erf")
 
                                                                   Type: Void
testIntegrate("(2*x+2)*exp(-log(x)^2-2*x*log(x)-x^2-2*x)/x^3", "x", "erf")
 
                                                                   Type: Void

testIntegrate("(2*x^3 + 6/x^3)*exp(log(x)^2)", "x", "erf")
 
                                                                   Type: Void
testIntegrate("(3*x^6+1)/x^5*exp(-log(x)^2)", "x", "erf")
 
                                                                   Type: Void
testIntegrate("log(x)^5*exp(log(log(x))^2)/x", "x", "erf")
 
                                                                   Type: Void
testIntegrate("(log(x)^5+log(x)^3)*exp(log(log(x))^2)/x", "x", "erf")
 
                                                                   Type: Void
testIntegrate("log(x)^5*exp(log(log(x))^2-log(x))", "x", "erf")
 
                                                                   Type: Void
testIntegrate("(log(x)^5+log(x)^3)*exp(log(log(x))^2-log(x))", "x", "erf")
 
                                                                   Type: Void
testIntegrate("(4*x^3+6*x^2+2*x)*exp(log(x^2+x)^2)" , "x", "erf")
 
                                                                   Type: Void
testIntegrate("(4*x^7+14*x^6+18*x^5+10*x^4+2*x^3)*exp(log(x^2+x)^2)",
              "x", "erf")
 
                                                                   Type: Void
testIntegrate("(4*x^7+14*x^6+18*x^5+10*x^4+6*x^3+6*x^2+2*x)*exp(log(x^2+x)^2)",
              "x", "erf")
 
                                                                   Type: Void

testIntegrate("(exp(x)+1)*exp(-exp(x)^2-2*x*exp(x)-x^2)", "x", "erf")
 
                                                                   Type: Void
testIntegrate("(1 + 1/exp(x))*exp(-exp(x)^2-2*x*exp(x)-x^2+x)", "x", "erf")
 
                                                                   Type: Void
testIntegrate("(exp(x)^2+exp(x))*exp(-exp(x)^2-2*x*exp(x)-x^2-x)", "x", "erf")
 
                                                                   Type: Void
-- -sqrt(%pi)*D(erfi((exp(x) + x)/exp(x)), x)/2
testIntegrate("(x-1)*exp((exp(2*x)+2*x*exp(x)+x^2)/exp(x)^2)/exp(x)",
              "x", "erf")
 
                                                                   Type: Void
testIntegrate("(x-1)*exp(((1-x)*exp(2*x)+2*x*exp(x)+x^2)/exp(x)^2)",
              "x", "erf")
 
                                                                   Type: Void
-- need algebraic shifts
testIntegrate("exp(b/x^2+a*x^2)", "x", "erf")
 
                                                                   Type: Void

testIntegrate("exp(-x^3)", "x", "gamma")
 
                                                                   Type: Void
testIntegrate("exp(x^3)", "x", "gamma")
 
                                                                   Type: Void
testIntegrate("x*exp(-x^3)", "x", "gamma")
 
                                                                   Type: Void
testIntegrate("x*exp(x^3)", "x", "gamma")
 
                                                                   Type: Void
testIntegrate("(x+1)*exp(-x^3-3*x^2-3*x-1)", "x", "gamma")
 
                                                                   Type: Void
testIntegrate("(x+1)*exp(-x^3-3*x^2-3*x)", "x", "gamma")
 
                                                                   Type: Void
testIntegrate("exp(-x^3-3*x^2-3*x)", "x", "gamma")
 
                                                                   Type: Void
testIntegrate("(x+1)*exp(x^3+3*x^2+3*x)", "x", "gamma")
 
                                                                   Type: Void
testIntegrate("exp(x^3+3*x^2+3*x)", "x", "gamma")
 
                                                                   Type: Void
-- -(D(Gamma(1/3, x^3), x) + 3*D(x*exp(-x^3), x))/9
testIntegrate("x^3*exp(-x^3)", "x", "gamma")
 
                                                                   Type: Void
testIntegrate("x^3*exp(x^3)", "x", "gamma")
 
                                                                   Type: Void

-- D(Gamma(v, -b*log(a)*x), x)/C
testIntegrate("x^(v-1)*a^(b*x)", "x", "gamma")
 
                                                                   Type: Void
testIntegrate("exp(b*x*log(a)+(v-1)*log(x))", "x", "gamma")
 
                                                                   Type: Void
testIntegrate("exp(b*x*log(a))*exp((v-1)*log(x))", "x", "gamma")
 
                                                                   Type: Void
-- D(Gamma(v, b*x), x)/C
testIntegrate("(b*x)^(v-1)*exp(-b*x)", "x", "gamma")
 
                                                                   Type: Void
testIntegrate("exp((v-1)*log(b*x) - b*x)", "x", "gamma")
 
                                                                   Type: Void
testIntegrate("(b*x)^(v-1)*exp(-b*x+5)", "x", "gamma")
 
                                                                   Type: Void
testIntegrate("(c*x)^(v-1)*exp(-b*x)", "x", "gamma")
 
                                                                   Type: Void
testIntegrate("(3*x)^(v-1)*exp(-b*x+7)", "x", "gamma")
 
                                                                   Type: Void
-- D(Gamma(v, b*(x^2-1)), x)/C
testIntegrate("x*exp(-b*x^2+b)*(b*x^2-b)^(v-1)", "x", "gamma")
 
                                                                   Type: Void
testIntegrate("x*exp(-b*x^2+b + (v-1)*log(b*x^2-b))", "x", "gamma")
 
                                                                   Type: Void
testIntegrate("x*exp(-b*x^2+b + (v-1)*log(b*(x-1)) + v*log((x+1)))/(x+1)",
              "x", "gamma")
 
                                                                   Type: Void
-- D(Gamma(v+1, -log(x)), x)
testIntegrate("(-log(x))^v", "x", "gamma")
 
                                                                   Type: Void
testIntegrate("exp(v*log(-log(x)))", "x", "gamma")
 
                                                                   Type: Void
testIntegrate("x*exp(v*log(-log(x))-log(x))", "x", "gamma")
 
                                                                   Type: Void
testIntegrate("exp(v*log(-log(x))+log(x))/x", "x", "gamma")
 
                                                                   Type: Void
testIntegrate("x*(-log(x^2+1))^v", "x", "gamma")
 
                                                                   Type: Void
testIntegrate("x*exp(v*log(-log(x^2+1)))", "x", "gamma")
 
                                                                   Type: Void
-- D(Gamma(v+1, -log(x^3+x^2)), x)
testIntegrate("(3*x^2+2*x)*(-log(x^3+x^2))^v", "x", "gamma")
 
                                                                   Type: Void
testIntegrate("(3*x^2+2*x)*exp(v*log(-log(x^3+x^2)))", "x", "gamma")
 
                                                                   Type: Void

testIntegrate("sin(x)/x", "x", "Ei")
 
                                                                   Type: Void
testIntegrate("cos(x)^2/x^3", "x", "Ei")
 
                                                                   Type: Void
testIntegrate("(x^2+3)*exp(x)/(x^2+3*x+2)", "x", "Ei")
 
                                                                   Type: Void
testIntegrate("((x + 1)*exp(x)*log(x) - exp(x))/(log(x)^2*log(x*exp(x)/log(x)))", "x", "li")
 
                                                                   Type: Void
testIntegrate("1/(log(x)*log(li(x)))", "x", "li")
 
                                                                   Type: Void

testIntegrate("log(1 + log(z))", "z", "li")
 
                                                                   Type: Void

--
testIntegrate("log(sin(x))", "x", "poly")
 
                                                                   Type: Void
testIntegrate("log(cosh(x))", "x", "poly")
 
                                                                   Type: Void
testIntegrate("x/cosh(x)", "x", "poly")
 
                                                                   Type: Void
testIntegrate("x/cos(x)", "x", "poly")
 
                                                                   Type: Void
testIntegrate("x*coth(x)", "x", "poly")
 
                                                                   Type: Void
testIntegrate("x*cot(x)", "x", "poly")
 
                                                                   Type: Void


-- Few examples of Si and Ci
testIntegrate("sin(x+1)/(x+1)", "x", "SiCi")
 
                                                                   Type: Void
testIntegrate("cos(x+1)/(x+1)", "x", "SiCi")
 
                                                                   Type: Void
testIntegrate("-sin(1/x)/x", "x", "SiCi")
 
                                                                   Type: Void
testIntegrate("-cos(1/x)/x", "x", "SiCi")
 
                                                                   Type: Void
testIntegrate("((-x^3+2)*sin((x^2)/(x^3+1)))/(x^4+x)", "x", "SiCi")
 
                                                                   Type: Void
testIntegrate("((-1*x^3+2)*cos((x^2)/(x^3+1)))/(x^4+x)", "x", "SiCi")
 
                                                                   Type: Void

testIntegrate("(1 - exp(-x^2))^2/x^3", "x", "Ei")
 
                                                                   Type: Void
testIntegrate("exp(x)/x + (exp(x) - 1)/x^2", "x", "Ei")
 
                                                                   Type: Void
testIntegrate("((-x^2+2)*exp(x/(x^2+2)))/(x^3+2*x)", "x", "Ei")
 
                                                                   Type: Void
testIntegrate("(2*x^4-x^3+3*x^2+2*x+2)*exp(x/(x^2+2))/(x^3+2*x)", "x", "Ei")
 
                                                                   Type: Void
testIntegrate("(4*x^3+4*x)*exp(x^2+1)/(x^4+2*x^2-1)", "x", "Ei")
 
                                                                   Type: Void
testIntegrate("((4*log(x)+x)*exp(2*log(x)^2+x))/(2*x*log(x)^2+x^2)", "x", "Ei")
 
                                                                   Type: Void
testIntegrate("((log(x)+1)*exp(x*log(x)))/(x*log(x))", "x", "Ei")
 
                                                                   Type: Void
testIntegrate("((exp(x)+1)*exp(exp(x)+x))/(exp(x)+x)", "x", "Ei")
 
                                                                   Type: Void
testIntegrate("exp(-x^2)*exp(erf(x))/erf(x)", "x", "Ei")
 
                                                                   Type: Void
testIntegrate("((tan(x)^2+1)*exp(tan(x)+1))/(tan(x)+1)", "x", "Ei")
 
                                                                   Type: Void
testIntegrate("(x*exp(x+1))/(x^2-1)", "x", "Ei")
 
                                                                   Type: Void
testIntegrate("(exp(x+log(x)+1))/(x^2-1)", "x", "Ei")
 
                                                                   Type: Void
f1 := (log(x)^2 + x)*exp(x+log(x)+1)
 

                 2       log(x) + x + 1
   (272)  (log(x)  + x)%e
                                                    Type: Expression(Integer)
testIntegrate("(exp(x+log(x)+1))/(x^2-1)+D(f1, x)", "x", "Ei")
 
                                                                   Type: Void
testIntegrate("exp(x^2 - log(x)) + D(log(x)*exp(x^2 - log(x)), x)", "x", "Ei")
 
                                                                   Type: Void
testIntegrate("(x*log(x)+(x^3+2*x^2-1))*exp(log(x)+x+1)/((x^3-x)*log(x)+(x^4+x^3-x^2-x))", "x", "Ei")
 
                                                                   Type: Void
testIntegrate("(x*log(x)+(x^3+2*x^2-1))*exp(x+1)/((x^2-1)*log(x)+(x^3+x^2-x-1))", "x", "Ei")
 
                                                                   Type: Void
testIntegrate("(x*log(x)+(x^3+2*x^2-1))*exp(log(log(x)) + x+1)/((x^2-1)*log(x)^2+(x^3+x^2-x-1)*log(x))", "x", "Ei")
 
                                                                   Type: Void
testIntegrate("(4*x^3*exp(x^2+1))/(x^4-1)", "x", "Ei")
 
                                                                   Type: Void
testIntegrate("(exp(-x)-1)*exp(exp(-x)+x)/(exp(-x)+x)", "x", "Ei")
 
                                                                   Type: Void
testIntegrate("(((x+1)*exp(-x)+1)*exp(x/(exp(-x)+1)))/(x*exp(-x)+x)", "x", "Ei")
 
                                                                   Type: Void
testIntegrate("((-exp(-x)^4+(-x-1)*exp(-x)^3+(-x-1)*exp(-x)^2+(x+1)*exp(-x)-x)*exp(exp(-x)+x))/(exp(-x)^2-x^2)", "x", "Ei")
 
                                                                   Type: Void
testIntegrate("(exp(x)^3+(2*x+2)*exp(x)^2+(x^2+3*x+2)*exp(x)+x^2+x+1)*exp(exp(x)+x)/(exp(x)+x)", "x", "Ei")
 
                                                                   Type: Void
testIntegrate("(4*x^3+4*x)*exp(x^2+1)/(x^4+2*x^2-1)", "x", "Ei")
 
                                                                   Type: Void
testIntegrate("((-x^2-x)*exp(-x)-x)*exp(x/(exp(-x)+1))/((2*exp(-x)^3+6*exp(-x)^2+(-x^2+6)*exp(-x)+(-x^2+2)))", "x", "Ei")
 
                                                                   Type: Void
testIntegrate("(2*exp(x)+1)*exp(exp(x)^2+exp(x))/(exp(x)+1)", "x", "Ei")
 
                                                                   Type: Void
-- the same written in different way
testIntegrate("(2*exp(x) + 1)*exp(exp(x))*exp(exp(2*x))/(exp(x)+1)", "x", "Ei")
 
                                                                   Type: Void
-- f0 := D(Ei(log(x)^2), x)
testIntegrate("2*exp(log(x)^2+2*log(x))/(x^3*log(x))", "x", "Ei")
 
                                                                   Type: Void
-- f1 := D(Ei(log(x)*(log(x)+1)), x)
testIntegrate("(2*log(x)+1)*exp(log(x)^2+2*log(x))/(x^2*log(x)^2+x^2*log(x))", "x", "Ei")
 
                                                                   Type: Void
-- f2 := D(Ei((log(x)+1)^2), x)/exp(1)
testIntegrate("2*exp(log(x)^2+2*log(x))/(x*log(x)+x)", "x", "Ei")
 
                                                                   Type: Void
-- f3 := D(Ei((log(x)+1)*(log(x)+2)), x)/exp(2)
testIntegrate("(2*log(x)+3)*x*exp(log(x)^2+2*log(x))/(x*log(x)^2+3*x*log(x)+2*x)", "x", "Ei")
 
                                                                   Type: Void
-- f1 + f3
testIntegrate("(((2*x^2+2)*log(x)^2+(3*x^2+5)*log(x)+2)*exp(log(x)^2+2*log(x)))/(x^2*log(x)^3+3*x^2*log(x)^2+2*x^2*log(x))", "x", "Ei")
 
                                                                   Type: Void
-- f1 + f2
testIntegrate("((2*x^2+2*x+2)*log(x)+(x+2))*exp(log(x)^2+2*log(x))/(x^3*log(x)^2+x^3*log(x))", "x", "Ei")
 
                                                                   Type: Void
-- f0 + f1 + f2 + f3
testIntegrate("((2*x^3+2*x^2+2*x+2)*log(x)^2+(3*x^3+4*x^2+5*x+6)*log(x)+(2*x+4))*exp(log(x)^2+2*log(x))/(x^3*log(x)^3+3*x^3*log(x)^2+2*x^3*log(x))", "x", "Ei")
 
                                                                   Type: Void
testIntegrate("((2*x^3-x^2-6*x)/(x^2+3*x+2) + (2*x-3)/(log(x)+1))*exp(x*log(x)+x)", "x", "Ei")
 
                                                                   Type: Void
testIntegrate("(x*log(x)^2+3*x*log(x)+2*x)*exp(x*log(x)+x)/(x^2*log(x)^2+2*x^2*log(x)+x^2-2)", "x", "Ei")
 
                                                                   Type: Void
testIntegrate("((2*x^2+2*x)*log(x)^2+(2*x^2+4*x+2)*log(x))*exp(x*log(x))/((x^2+2*x+1)*log(x)^2-2)", "x", "Ei")
 
                                                                   Type: Void
testIntegrate("((2*x^2+2*x)*log(x)^2+(2*x^2+4*x+2)*log(x))*x^x/((x^2+2*x+1)*log(x)^2-2)", "x", "Ei")
 
                                                                   Type: Void
testIntegrate("(a*x+a)*exp(a*log(x))/(a*x*log(x)+b*x)", "x", "Ei")
 
                                                                   Type: Void
testIntegrate("(a*x+a)*exp(a*log(x))/(a*x*log(x)+sqrt(3)*x)", "x", "Ei")
 
                                                                   Type: Void
testIntegrate("(2*a^2*x+2*a^2)*log(x)*exp(a*log(x))/(a^2*x*log(x)^2-3*x)", "x", "Ei")
 
                                                                   Type: Void
testIntegrate("(2*log(x)*exp(2^(1/2)*log(x)))/(x*log(x)^2-3*x)", "x", "Ei")
 
                                                                   Type: Void

-- exp(-2)*D(Ei((log(x)^2 + 2)*(log(x) + 1)), x)
testIntegrate("(3*log(x)^2+2*log(x)+2)*exp(log(x)^3+log(x)^2+2*log(x))/(x*log(x)^3+x*log(x)^2+2*x*log(x)+2*x)", "x", "Ei")
 
                                                                   Type: Void
-- exp(-3)*D(Ei((log(x)^2 + 3)*(log(x) + 1)), x)
testIntegrate("(3*log(x)^2+2*log(x)+3)*x*exp(log(x)^3+log(x)^2+2*log(x))/(x*log(x)^3+x*log(x)^2+3*x*log(x)+3*x)", "x", "Ei")
 
                                                                   Type: Void
-- sum
testIntegrate("((3*x+3)*log(x)^4+(2*x+2)*log(x)^3+(9*x+11)*log(x)^2+(4*x+6)*log(x)+(6*x+6))*exp(log(x)^3+log(x)^2+2*log(x))/(x*log(x)^5+x*log(x)^4+5*x*log(x)^3+5*x*log(x)^2+6*x*log(x)+6*x)", "x", "Ei")
 
                                                                   Type: Void

-- D(Ei((log(x) + 1)/log(x)), x)
testIntegrate("-exp((log(x)+1)/log(x))/(x*log(x)^2+x*log(x))", "x", "Ei")
 
                                                                   Type: Void
-- exp(1)*D(Ei((log(x) + 1)/log(x) - (log(x) + 1)), x)
testIntegrate("(log(x)^2+1)*exp((log(x)+1)/log(x))/(x^2*log(x)^3-x^2*log(x))", "x", "Ei")
 
                                                                   Type: Void
-- sum
testIntegrate("(log(x)^2-x*log(x)+x+1)*exp((log(x)+1)/log(x))/(x^2*log(x)^3-x^2*log(x))", "x", "Ei")
 
                                                                   Type: Void
testIntegrate("cosh(x^(1/2))-acoth(1-x)", "x", "Ei")
 
                                                                   Type: Void
testIntegrate("sinh(tan(x))", "x", "Ei")
 
                                                                   Type: Void
testIntegrate("log(1+x)*exp(-x)", "x", "Ei")
 
                                                                   Type: Void

-- special Ei-s
testIntegrate("exp(x^r+1)/x", "x", "Ei")
 
                                                                   Type: Void
-- exp(1)*D(Ei(-exp(x)/(exp(x)+1)), x)
testIntegrate("exp(1/(exp(x)+1))/(exp(x)+1)", "x", "Ei")
 
                                                                   Type: Void
-- D(Ei(1/(exp(x)+1)), x)
testIntegrate("exp(x)*exp(1/(exp(x)+1))/(exp(x)+1)", "x", "Ei")
 
                                                                   Type: Void
-- sum
testIntegrate("exp(1/(exp(x)+1))", "x", "Ei")
 
                                                                   Type: Void
testIntegrate("exp(x)*exp(1/(exp(x)+1)-x)", "x", "Ei")
 
                                                                   Type: Void
testIntegrate("log(x)*exp((log(x)+x+1)/(log(x)+1))/(x*log(x)+x)", "x", "Ei")
 
                                                                   Type: Void
testIntegrate("log(x)*exp((log(x)+x+1)/(log(x)+1)-log(x))/(log(x)+1)",
              "x", "Ei")
 
                                                                   Type: Void
testIntegrate("f^(a + b/x^2)/x", "x", "Ei")
 
                                                                   Type: Void
testIntegrate("exp(a + b/x^2)/x", "x", "Ei")
 
                                                                   Type: Void
testIntegrate("(x^2+x-2*b)*exp(a + b/x^2)/x^2", "x", "Ei")
 
                                                                   Type: Void
testIntegrate("(x^2+3*x-2*b+2)*exp((a*x^2+2*a*x+b+1)/(x^2+2*x+1))/(x^2+2*x+1)", "x", "Ei_erf")
 
                                                                   Type: Void
-- -D(Ei(1/(x^3+x+5)), x)
testIntegrate("(3*x^2+1)*exp(1/(x^3+x+5))/(x^3+x+5)", "x", "Ei")
 
                                                                   Type: Void
-- D(Ei(1/(x^3+x+5)), x) + D(x*exp(1/(x^3+x+5))
testIntegrate("((x^6-3*x^5+2*x^4+3*x^3-14*x^2+8*x+20)*exp(1/(x^3+x+5)))/(x^6+2*x^4+10*x^3+x^2+10*x+25)", "x", "Ei")
 
                                                                   Type: Void
-- D(Ei(1/(x^3+x+5)), x) + D((x^3+x+5)*exp(1/(x^3+x+5)), x)
testIntegrate("((3*x^5+4*x^3+9*x^2+x+3)*exp(1/(x^3+x+5)))/(x^3+x+5)",
                 "x", "Ei")
 
                                                                   Type: Void
-- -exp(1)*D(Ei(1/(x^3+x+5)), x)
testIntegrate("(3*x^2+1)*exp((x^3+x+6)/(x^3+x+5))/(x^3+x+5)", "x", "Ei")
 
                                                                   Type: Void
--
testIntegrate("exp(x)*exp(exp(x) - x)", "x", "Ei")
 
                                                                   Type: Void
testIntegrate("exp(-x)*exp(exp(x) +x)", "x", "Ei")
 
                                                                   Type: Void
testIntegrate(
    "(exp(-x)*exp(x)^5*exp(exp(x)+x)+(exp(x)-5)*exp(exp(x)))/exp(x)^5",
      "x", "Ei")
 
                                                                   Type: Void
testIntegrate("((exp(x)-5)*exp(exp(x))+exp(x)^6*exp(exp(x)-x))/exp(x)^5",
   "x", "Ei")
 
                                                                   Type: Void
-- Ei + erf
testIntegrate("(1 + exp(x))*exp(exp(x)^2)", "x", "Ei_erf")
 
                                                                   Type: Void
-- Ei with algebraic argument
testIntegrate("exp((-x+1)^(1/2)/(x+1)^(1/2))/(-x^2+1)", "x", "Ei")
 
                                                                   Type: Void


-- Fresnel integrals
testIntegrate("sin(x^2)", "x", "fresnel")
 
                                                                   Type: Void
testIntegrate("cos(x^2)", "x", "fresnel")
 
                                                                   Type: Void
testIntegrate("x*sin(x^2)", "x", "fresnel")
 
                                                                   Type: Void
testIntegrate("x*cos(x^2)", "x", "fresnel")
 
                                                                   Type: Void
testIntegrate("D(fresnelS(x^2+1), x)", "x", "fresnel")
 
                                                                   Type: Void
testIntegrate("D(fresnelC(x^2+1), x)", "x", "fresnel")
 
                                                                   Type: Void
testIntegrate("D(fresnelS(a*x + b), x)", "x", "fresnel")
 
                                                                   Type: Void
testIntegrate("D(fresnelC(a*x + b), x)", "x", "fresnel")
 
                                                                   Type: Void
testIntegrate("D(fresnelS(x^4), x)", "x", "fresnel")
 
                                                                   Type: Void
testIntegrate("D(fresnelC(x^4), x)", "x", "fresnel")
 
                                                                   Type: Void
testIntegrate("D(fresnelS((a*x + b)/(c*x + d)), x)", "x", "fresnel")
 
                                                                   Type: Void
testIntegrate("D(fresnelC((a*x + b)/(c*x + d)), x)", "x", "fresnel")
 
                                                                   Type: Void
testIntegrate("D(fresnelS(x^2+x), x)", "x", "fresnel")
 
                                                                   Type: Void
testIntegrate("D(fresnelC(x^2+x), x)", "x", "fresnel")
 
                                                                   Type: Void

-- mixed cases
testIntegrate("(x-2)*exp(-x^2)/x", "x", "spec")
 
                                                                   Type: Void
testIntegrate("(2*x+4)*exp(-x^2-2*x-1)/(x+1)", "x", "spec")
 
                                                                   Type: Void
-- D(Ei(x+li(x)) + li(x)*exp(x+li(x)), x)
testIntegrate("(((li(x)^2+x*li(x)+1)*log(x)+li(x)^2+(x+1)*li(x)+x+1)*"
              "exp(li(x)+x))/((li(x)+x)*log(x))", "x", "spec")
 
                                                                   Type: Void
-- D(Ei(x+li(x)+1)/exp(1), x)
testIntegrate("(log(x)+1)*exp(li(x)+x)/((li(x)+x+1)*log(x))", "x", "spec")
 
                                                                   Type: Void
-- D(Ei((li(x) + x)*(li(x) - x)) + exp((li(x) + x)*(li(x) - x))/(li(x) + x), x)
testIntegrate("(((-2*x*li(x)^2-(2*x+1)*li(x)+2*x^3-2*x^2+x)*log(x)+"
              "2*li(x)^3+2*li(x)^2+(-2*x^2+2*x-1)*li(x)+x)*"
               "exp(li(x)^2-x^2))/((li(x)^3+x*li(x)^2-x^2*li(x)-x^3)*log(x))",
             "x", "spec")
 
                                                                   Type: Void
testIntegrate("(x+2)*sin(x^2)/x", "x", "spec")
 
                                                                   Type: Void
testIntegrate("(x+3)*sin(x^2+2*x+1)/(x+1)", "x", "spec")
 
                                                                   Type: Void
testIntegrate("(x+2)*cos(x^2)/x", "x", "spec")
 
                                                                   Type: Void
testIntegrate("(x+3)*cos(x^2+2*x+1)/(x+1)", "x", "spec")
 
                                                                   Type: Void

-- Liouvillian functions
testIntegrate("D(log(ellipticE(x, m)), x)", "x", "liou")
 
                                                                   Type: Void
testIntegrate("D(ellipticE(x, m)/(ellipticE(x, m) + 3), x)", "x", "liou")
 
                                                                   Type: Void
testIntegrate("D(1/(ellipticF(x, m) + x), x)", "x", "liou")
 
                                                                   Type: Void
testIntegrate("D(1/(Gamma(a, log(x)^2) + log(x)), x)", "x", "liou")
 
                                                                   Type: Void
testIntegrate("D(1/(ellipticPi(x, n, m)^2 + ellipticPi(x, n, m) + x), x)",
               "x", "liou")
 
                                                                   Type: Void
testIntegrate("D(log(polylog(3, x)), x)", "x", "liou")
 
                                                                   Type: Void
testIntegrate("D(x*exp(-x^2 - erf(x)^2), x)", "x", "liou")
 
                                                                   Type: Void
testIntegrate("D(x*exp(-1/(x-1)^2 - dilog(x)^2), x)", "x", "liou")
 
                                                                   Type: Void
testIntegrate("exp(-x^2)*erf(x)/(erf(x)^3 - erf(x)^2 - erf(x) + 1)",
               "x", "liou")
 
                                                                   Type: Void
testIntegrate("exp(-x)*Ei(x)", "x", "liou")
 
                                                                   Type: Void
testIntegrate("polylog(3, x)*polylog(5, x)/(x*polylog(4, x)^2)", "x", "liou")
 
                                                                   Type: Void
testIntegrate("(polylog(3, x) - x*polylog(2, x))/(1 - x)^2", "x", "liou")
 
                                                                   Type: Void
ib := integral(x^(a - 1)*(1 - x)^(b - 1), x)
 

             x
           ++            b - 1  a - 1
   (367)   |   (- %A + 1)     %A     d%A
          ++
                                                    Type: Expression(Integer)
testIntegrate("((a + b)*x - a)/(x^(a + 1)*(1 - x)^(b + 1))*ib", "x", "liou")
 
                                                                   Type: Void
testIntegrate("erf(a*x)*erf(b*x)", "x", "liou_erf")
 
                                                                   Type: Void
testIntegrate("log(x)*erf(x)", "x", "liou_Ei")
 
                                                                   Type: Void

-- Lambert W
testIntegrate("lambertW(x)", "x", "lambertW")
 
                                                                   Type: Void
testIntegrate("lambertW(x)^2", "x", "lambertW")
 
                                                                   Type: Void
testIntegrate("lambertW(x)^3", "x", "lambertW")
 
                                                                   Type: Void
testIntegrate("lambertW(x)^4", "x", "lambertW")
 
                                                                   Type: Void
testIntegrate("lambertW(x)/x", "x", "lambertW")
 
                                                                   Type: Void
testIntegrate("lambertW(x)^2/x", "x", "lambertW")
 
                                                                   Type: Void
testIntegrate("x/lambertW(x)", "x", "lambertW")
 
                                                                   Type: Void
testIntegrate("x^2/lambertW(x)", "x", "lambertW")
 
                                                                   Type: Void
testIntegrate("x^3/lambertW(x)", "x", "lambertW")
 
                                                                   Type: Void
testIntegrate("x*lambertW(x^2)", "x", "lambertW")
 
                                                                   Type: Void
testIntegrate("lambertW(x^2)/x", "x", "lambertW")
 
                                                                   Type: Void
testIntegrate("lambertW(x^3)/x", "x", "lambertW")
 
                                                                   Type: Void
testIntegrate("lambertW(x)+1/x", "x", "lambertW")
 
                                                                   Type: Void
testIntegrate("lambertW(x)+log(x)", "x", "lambertW")
 
                                                                   Type: Void
testIntegrate("D(lambertW(x)+log(x), x)", "x", "lambertW")
 
                                                                   Type: Void
testIntegrate("D(log(lambertW(x))+log(x), x)", "x", "lambertW")
 
                                                                   Type: Void
testIntegrate("D(1/(1+lambertW(x))+log(x), x)", "x", "lambertW")
 
                                                                   Type: Void
testIntegrate("D(1/lambertW(x)^3, x)", "x", "lambertW")
 
                                                                   Type: Void
testIntegrate("D(1/(1+lambertW(exp(x))), x)", "x", "lambertW")
 
                                                                   Type: Void
testIntegrate("D(log(a*x+lambertW(x)), x)", "x", "lambertW")
 
                                                                   Type: Void
testIntegrate("D(log(a*x+lambertW(x^2)), x)", "x", "lambertW")
 
                                                                   Type: Void
testIntegrate("((x^2+2)*lambertW(x^2)^2+x^2*(2*lambertW(x^2)+1))/(x*(1+lambertW(x^2))^3)", "x", "lambertW")
 
                                                                   Type: Void

-- derivatives
ff := operator 'ff
 

   (393)  ff
                                                          Type: BasicOperator
df := D(ff(x), x)
 

            ,
   (394)  ff (x)

                                                    Type: Expression(Integer)
fg := operator 'fg
 

   (395)  fg
                                                          Type: BasicOperator
testIntegrate("D(ff(x), x)", "x", "deriv")
 
                                                                   Type: Void
testIntegrate("D(ff(x)^2, x)", "x", "deriv")
 
                                                                   Type: Void
testIntegrate("D(exp(ff(x)^2), x)", "x", "deriv")
 
                                                                   Type: Void
testIntegrate("D(ff(x) + fg(x), x)", "x", "deriv")
 
                                                                   Type: Void
testIntegrate("D(ff(x)*fg(x), x)", "x", "deriv")
 
                                                                   Type: Void
testIntegrate("D(ff(x)/fg(x), x)", "x", "deriv")
 
                                                                   Type: Void
testIntegrate("D(log(ff(x) + fg(x)), x)", "x", "deriv")
 
                                                                   Type: Void
testIntegrate("D(log(ff(x)) + 3*log(fg(x)), x)", "x", "deriv")
 
                                                                   Type: Void
testIntegrate("D(x*ff(x), x)", "x", "deriv")
 
                                                                   Type: Void
testIntegrate("D(ff(x)/(x + ff(x)), x)", "x", "deriv")
 
                                                                   Type: Void
testIntegrate("D(ff(x)^2/(ff(x)*df^3 +x*ff(x)*df + 1), x)", "x", "deriv")
 
                                                                   Type: Void
testIntegrate("D(log(ff(x) + fg(x))*log(ff(x) + x*fg(x)), x)", "x", "deriv")
 
                                                                   Type: Void
testIntegrate("D(log(exp(x) + x)*log(ff(x)+1), x)", "x", "deriv")
 
                                                                   Type: Void
testIntegrate("D(log(exp(x) + x)*log(log(ff(x)+1)), x)", "x", "deriv")
 
                                                                   Type: Void
testIntegrate("D(sqrt(ff(x)), x)", "x", "deriv")
 
                                                                   Type: Void
testIntegrate("D(sqrt(ff(x)^2 + 1), x)", "x", "deriv")
 
                                                                   Type: Void
testIntegrate("D(1/(x + sqrt(x*ff(x)^2 + 1)), x)", "x", "deriv")
 
                                                                   Type: Void
testIntegrate("D(besselJ(x, z)*ff(x), x)", "x", "deriv")
 
                                                                   Type: Void
testIntegrate("D(ff(x^2)^2, x)", "x", "deriv")
 
                                                                   Type: Void
testIntegrate("D(ff(x^2, exp(x))^2, x)", "x", "deriv")
 
                                                                   Type: Void
testIntegrate("D(log(x + ff(x + log(x))) + log(x^2 + 1), x)", "x", "deriv")
 
                                                                   Type: Void
testIntegrate("D(sqrt(x + ff(x^2)), x)", "x", "deriv")
 
                                                                   Type: Void
testIntegrate("D(log(sqrt(x + ff(x^2)) + 1), x)", "x", "deriv")
 
                                                                   Type: Void
testIntegrate("D(Ei((log(ff(x))+x)^2), x)", "x", "deriv")
 
                                                                   Type: Void
testIntegrate("D(Ei(exp(ff(x))+x^2), x)", "x", "deriv")
 
                                                                   Type: Void
testIntegrate("D(Ei((exp(ff(x))+x)^2), x)", "x", "deriv")
 
                                                                   Type: Void
testIntegrate("D(Ei(1/(exp(ff(x))+x)), x)", "x", "deriv")
 
                                                                   Type: Void
fun1 := D(Ei(1/(exp(ff(x))+x)) + ff(x)*exp(1/(exp(ff(x))+x)), x)
 

   (423)
                                                                   1
                                                              -----------
                                                                ff(x)
                    ff(x)    2   ,        ff(x)               %e      + x
   (((- ff(x) + x)%e      + x )ff (x) - %e      - ff(x) - x)%e

   ----------------------------------------------------------------------
                           ff(x) 2         ff(x)    2
                        (%e     )  + 2 x %e      + x
                                                    Type: Expression(Integer)
testIntegrate("fun1", "x", "deriv")
 
                                                                   Type: Void
fun2 := D(D(ff(x),x)*exp(exp(log(ff(x))+x)), x)
 

   (425)
                                                               log(ff(x)) + x
           ,,         ,   2          ,      log(ff(x)) + x   %e
   (ff(x)ff  (x) + (ff (x)  + ff(x)ff (x))%e              )%e

   --------------------------------------------------------------------------
                                      ff(x)
                                                    Type: Expression(Integer)
testIntegrate("fun2", "x", "deriv")
 
                                                                   Type: Void
fun3 := D((D(ff(x),x) + ff(x))*exp(exp(log(ff(x))+x)), x)
 

   (427)
                ,,         ,   2            ,           2   log(ff(x)) + x
         ff(x)ff  (x) + (ff (x)  + 2 ff(x)ff (x) + ff(x) )%e

       + 
                ,
         ff(x)ff (x)

    *
           log(ff(x)) + x
         %e
       %e
  /
     ff(x)
                                                    Type: Expression(Integer)
testIntegrate("fun3", "x", "deriv")
 
                                                                   Type: Void
f1 := x*exp(log(ff(x))^2 + 1)
 

                        2
              log(ff(x))  + 1
   (429)  x %e
                                                    Type: Expression(Integer)
fun4 := D(f1*log(f1+1), x)
 

   (430)
                                                        2     2
               2            ,                 log(ff(x))  + 1
           (2 x log(ff(x))ff (x) + x ff(x))(%e               )

         + 
                                                     2
                            ,              log(ff(x))  + 1
           (2 x log(ff(x))ff (x) + ff(x))%e

      *
                           2
                 log(ff(x))  + 1
         log(x %e                + 1)
     + 
                                                    2     2
           2            ,                 log(ff(x))  + 1
       (2 x log(ff(x))ff (x) + x ff(x))(%e               )

  /
                        2
              log(ff(x))  + 1
     x ff(x)%e                + ff(x)
                                                    Type: Expression(Integer)
testIntegrate("fun4", "x", "deriv")
 
                                                                   Type: Void
f1 := x*exp(a*log(ff(x)+1) + 1)
 

              a log(ff(x) + 1) + 1
   (432)  x %e
                                                    Type: Expression(Integer)
fun5 := D(f1*log(f1+1)/ff(x), x)
 

   (433)
                       2         2   ,             2
             (((a - 1)x ff(x) - x )ff (x) + x ff(x)  + x ff(x))

          *
                a log(ff(x) + 1) + 1 2
             (%e                    )
         + 
                                  ,           2           a log(ff(x) + 1) + 1
           (((a - 1)x ff(x) - x)ff (x) + ff(x)  + ff(x))%e

      *
                 a log(ff(x) + 1) + 1
         log(x %e                     + 1)
     + 
           2       ,             2              a log(ff(x) + 1) + 1 2
       (a x ff(x)ff (x) + x ff(x)  + x ff(x))(%e                    )

  /
             3          2   a log(ff(x) + 1) + 1        3        2
     (x ff(x)  + x ff(x) )%e                     + ff(x)  + ff(x)
                                                    Type: Expression(Integer)
testIntegrate("fun5", "x", "deriv")
 
                                                                   Type: Void

-- bug in li part
testIntegrate("1/(x*(log(x/a)+1))", "x", "li")
 
                                                                   Type: Void
testIntegrate("1/(x^2*(log(x/a)+1))", "x", "li")
 
                                                                   Type: Void

-- algebraic rde
-- -D(exp(acos(log(x+2))-x+5), x)
testIntegrate("((x+2)*(1 -log(x+2)^2)^(1/2)+1)*exp(acos(log(x+2))+(5-x))/"
              "((x+2)*(1 -log(x+2)^2)^(1/2))", "x", "algrde")
 
                                                                   Type: Void
-- D(2*exp(sqrt(1 + atan(x))), x)
testIntegrate("exp(sqrt(1 + atan(x)))/((x^2 + 1)*sqrt(1 + atan(x)))",
              "x", "algrde")
 
                                                                   Type: Void
-- D(2*tan(sqrt(1+atan(4+x))), x)
testIntegrate("(tan(sqrt(1+atan(4+x)))^2+1)/((x^2 + 8*x + 17)*"
              "sqrt(1+atan(4+x)))", "x", "algrde")
 
                                                                   Type: Void

-- algebraic extended integration
s1 := sqrt(exp(x) + 1)
 

           +-------+
           |  x
   (440)  \|%e  + 1
                                                    Type: Expression(Integer)
l1 := log(sqrt(exp(x) + 1) + exp(x))
 

               +-------+
               |  x          x
   (441)  log(\|%e  + 1  + %e )
                                                    Type: Expression(Integer)
testIntegrate("exp(x)*(2*s1 + 1)*l1/(exp(x)*(s1 + 1) + 1)", "x", "algext")
 
                                                                   Type: Void
testIntegrate("exp(x)*(l1^2 + exp(x)*(2*s1 + 1)*l1/(exp(x)*(s1 + 1) + 1))",
              "x", "algext")
 
                                                                   Type: Void
testIntegrate("log(sin(x))*sqrt(1 + sin(x))", "x", "algext")
 
                                                                   Type: Void
testIntegrate("sin(x)*atan(sqrt(sec(x) - 1))", "x", "algext")
 
                                                                   Type: Void
fun1 := D(log(sqrt(x + sqrt(x)) + 1)*log(sqrt(x + sqrt(x)) + x), x);
 

                                                    Type: Expression(Integer)
testIntegrate("fun1", "x", "algext")
 
                                                                   Type: Void
fun2 := D((x + sqrt(x))*log(sqrt(x + sqrt(x)) + 1)*log(sqrt(x + sqrt(x)) + x),
          x);
 

                                                    Type: Expression(Integer)
testIntegrate("fun2", "x", "algext")
 
                                                                   Type: Void
fun3 := D(exp(sqrt(x^3+1))*log(x*exp(sqrt(x^3+1)) + 1), x)
 

   (450)
                +------+ 2          +------+          +------+
                | 3                 | 3               | 3
           3   \|x  + 1         2  \|x  + 1          \|x  + 1
       (3 x (%e         )  + 3 x %e         )log(x %e          + 1)
     + 
                               +------+ 2
           +------+            | 3
           | 3           3    \|x  + 1
       (2 \|x  + 1  + 3 x )(%e         )
  /
                    +------+
         +------+   | 3           +------+
         | 3       \|x  + 1       | 3
     2 x\|x  + 1 %e          + 2 \|x  + 1
                                                    Type: Expression(Integer)
testIntegrate("fun3", "x", "algext")
 
                                                                   Type: Void
fun4 := D(exp(sqrt(x^3+1))*erf(x*exp(sqrt(x^3+1)) + 1), x)
 

   (452)
                                 +------+ 2
             +------+            | 3
             | 3           3    \|x  + 1
         (4 \|x  + 1  + 6 x )(%e         )
      *
                   +------+ 2          +------+
                   | 3                 | 3
              2   \|x  + 1            \|x  + 1
           - x (%e         )  - 2 x %e          - 1
         %e
     + 
                    +------+         +------+
                    | 3              | 3
          2 +---+  \|x  + 1         \|x  + 1
       3 x \|%pi %e         erf(x %e          + 1)
  /
              +------+
        +---+ | 3
     2 \|%pi \|x  + 1
                                                    Type: Expression(Integer)
testIntegrate("fun4", "x", "algext")
 
                                                                   Type: Void
fun5 := D(exp(sqrt(x^3+1))*erf(x*exp(sqrt(x^3+1)) + 1) +
          erf(x*exp(sqrt(x^3+1))), x)
 

   (454)
                                                +------+ 2
                              +------+          | 3
           +------+           | 3          2   \|x  + 1
           | 3           3   \|x  + 1   - x (%e         )
       (4 \|x  + 1  + 6 x )%e         %e
     + 
                                 +------+ 2
             +------+            | 3
             | 3           3    \|x  + 1
         (4 \|x  + 1  + 6 x )(%e         )
      *
                   +------+ 2          +------+
                   | 3                 | 3
              2   \|x  + 1            \|x  + 1
           - x (%e         )  - 2 x %e          - 1
         %e
     + 
                    +------+         +------+
                    | 3              | 3
          2 +---+  \|x  + 1         \|x  + 1
       3 x \|%pi %e         erf(x %e          + 1)
  /
              +------+
        +---+ | 3
     2 \|%pi \|x  + 1
                                                    Type: Expression(Integer)
testIntegrate("fun5", "x", "algext")
 
                                                                   Type: Void
fun7 := D(exp(sqrt(x^3+1))*erf(x*exp(sqrt(x^3+1)) + 1) +
          erf(x*exp(sqrt(x^3+1)))^2, x)
 

   (456)
                                                                   +------+ 2
                               +------+         +------+           | 3
           +------+            | 3              | 3           2   \|x  + 1
           | 3            3   \|x  + 1         \|x  + 1    - x (%e         )
       (8 \|x  + 1  + 12 x )%e         erf(x %e         )%e
     + 
                                 +------+ 2
             +------+            | 3
             | 3           3    \|x  + 1
         (4 \|x  + 1  + 6 x )(%e         )
      *
                   +------+ 2          +------+
                   | 3                 | 3
              2   \|x  + 1            \|x  + 1
           - x (%e         )  - 2 x %e          - 1
         %e
     + 
                    +------+         +------+
                    | 3              | 3
          2 +---+  \|x  + 1         \|x  + 1
       3 x \|%pi %e         erf(x %e          + 1)
  /
              +------+
        +---+ | 3
     2 \|%pi \|x  + 1
                                                    Type: Expression(Integer)
testIntegrate("fun7", "x", "algext")
 
                                                                   Type: Void

testIntegrate("x^(1/3)/(3*x+1)^(1/3)", "x", "alg")
 
                                                                   Type: Void
testIntegrate("((x - 1)^2*(x + 1))^(1/3)/x^2", "x", "alg")
 
                                                                   Type: Void

testIntegrate("(1+2*x)/x/(1+x)/(2+x)*sqrt(1-5*x-5*x^2)/sqrt(1-x-x^2)",
              "x", "alg")
 
                                                                   Type: Void

testIntegrate("(x + 1)/(x*(x + log x)^(3/2)) - 1/(x*log(x)^2)", "x", "alg")
 
                                                                   Type: Void

testIntegrate("sqrt(a + b*x^2 + c*x^4)/(a - c*x^4)", "x", "alg")
 
                                                                   Type: Void

-- needs divisor testing over transcendental field
testIntegrate("(2*x*(log(x)+x)^(1/2)+(x+1))/"
              "(x^2*(log(x)+x)^(1/2)+(x*log(x)+x^2))", "x", "alg")
 
                                                                   Type: Void

-- used to produce error: "Denominator not equal to 1"
testIntegrate("sec(x)*tan(x)/sqrt(sec(x) - 1)", "x", "alg")
 
                                                                   Type: Void
testIntegrate("(sec(x)^2  - sec(x))/tan(x)/sqrt(sec(x) - 1)", "x", "alg")
 
                                                                   Type: Void
testIntegrate("(sec(x)^2  - sec(x))*tan(x)/sqrt(sec(x) - 1)", "x", "alg")
 
                                                                   Type: Void

-- Liouvillian constants were mishandled
testIntegrate("(erf(1) - Ei(1))*x", "x", "const")
 
                                                                   Type: Void
testIntegrate("1/(x + polylog(4,1/2) - polylog(3,1/3))^2", "x", "const")
 
                                                                   Type: Void
f := erf(Ei(x-(log((3/log(3*x))*(3/log(3*x)))-1+erf(5)))-4)
 

                           9
   (469)  erf(Ei(- log(---------) - erf(5) + x + 1) - 4)
                               2
                       log(3 x)
                                                    Type: Expression(Integer)
testIntegrate("D(f, x)", "x", "const")
 
                                                                   Type: Void
f := x/(x-erf((exp(x)+log(1/(x*x)))/(2*Ei(3))))
 

                       x
   (471)  - ----------------------
                     1      x
                log(--) + %e
                     2
                    x
            erf(-------------) - x
                   2 Ei(3)
                                                    Type: Expression(Integer)
testIntegrate("D(f, x)", "x", "const")
 
                                                                   Type: Void

-- used to fail due to complex constants
testIntegrate("sin(2*x)/sqrt(9 - cos(x)^4)", "x", "alg")
 
                                                                   Type: Void

-- caused error during substitution
testTrue("(integrate(cos(x)*sin(x + %pi/6), x); true)")
 
                                                                   Type: Void

-- failed randomly
testIntegrate("(x*(2*a - 1) - a)/((x - a)*sqrt(x^3*(2*a - 1) -"
              " x^2*(a^2 + 2*a - 1) + a^2*x))", "x", "alg")
 
                                                                   Type: Void

-- used to fail since we need to factor Trager resultant over complex
-- numbers
testIntegrate("cos(x)^2/sqrt(cos(x)^4 + cos(x)^2 + 1)", "x", "alg")
 
                                                                   Type: Void
testIntegrate("sqrt(tan(x)^2 + 2*tan(x) + 2)", "x", "alg")
 
                                                                   Type: Void

t1 := exp(x)
 

            x
   (478)  %e
                                                    Type: Expression(Integer)
t2 := exp(1/(1 + t1))
 

               1
            -------
              x
            %e  + 1
   (479)  %e
                                                    Type: Expression(Integer)
t3 := log(x*t2)
 

                     1
                  -------
                    x
                  %e  + 1
   (480)  log(x %e       )
                                                    Type: Expression(Integer)
testIntegrate("D(t3^2 -2*(1/(1+t1))*t3, x)", "x", "extint")
 
                                                                   Type: Void

k := 7/5
 

          7
   (482)  -
          5
                                                      Type: Fraction(Integer)
mu := sqrt ( ((k-1)*m^2 + 2)/(2*k*m^2 -(k-1)))
 

           +--------+
           |  2
           | m  + 5
   (483)   |--------
           |   2
          \|7 m  - 1
                                                    Type: Expression(Integer)
km := 2/ ( (1+(2/(k+1)) * (1-mu^2)/mu)*(2*mu + 1 + 1/(m^2)))
 

                                     +--------+
                                     |  2
                           4      2  | m  + 5
                      (14 m  - 2 m ) |--------
                                     |   2
                                    \|7 m  - 1
   (484)  ------------------------------------------------
                             +--------+
                             |  2
               4      2      | m  + 5        4       2
          (17 m  - 4 m  - 1) |--------  + 7 m  + 10 m  - 5
                             |   2
                            \|7 m  - 1
                                                    Type: Expression(Integer)
f := - 2*m / ((m^2-1)*km)
 

                               +--------+
                               |  2
                 4      2      | m  + 5        4       2
          (- 17 m  + 4 m  + 1) |--------  - 7 m  - 10 m  + 5
                               |   2
                              \|7 m  - 1
   (485)  --------------------------------------------------
                                       +--------+
                                       |  2
                         5      3      | m  + 5
                     (7 m  - 8 m  + m) |--------
                                       |   2
                                      \|7 m  - 1
                                                    Type: Expression(Integer)
testIntegrate("f", "m", "alg")
 
                                                                   Type: Void

-- Was wrong due to missing code
testIntegrate("1/(x^3*(a+b*x/sqrt(3))^(1/3))", "x", "alg")
 
                                                                   Type: Void

-- Was looping due to dependent kernels introduced during
-- substitution
testIntegrate("1/(sqrt(10) - x^2)^(1/2)", "x", "alg")
 
                                                                   Type: Void

-- Gave ugly result due to mishandled root
testIntegrate("sin(x^2)/fresnelS(x*(2/pi())^(1/2))", "x", "liou")
 
                                                                   Type: Void

-- Was wrongly declared unintegrable
testIntegrate("((2+x^3)*(1-2*x^3-x^4+x^6)^(1/2))/(-x^3-x^5+x^6)", "x", "alg")
 
                                                                   Type: Void

-- Failed in 'find_multiples'
testIntegrate("((-1+2*x^4)*(32+7*x^2+64*x^4)*(8+35*x^4+32*x^8)^(1/2))/"
              "(x^3*(20-x^2+79*x^4-2*x^6+80*x^8))", "x", "alg")
 
                                                                   Type: Void

-- Had spurious %iint in result
testIntegrate("polylog(3, x)", "x", "liou")
 
                                                                   Type: Void

-- Failed with: Cannot take first of an empty list
testIntegrate("(a*x^2 + (-2*a + 1)*x-3)*exp(log(x)+a*log((2*x-6)/3) +"
                 "a*x + 3*a)/(x^2 - 3*x)", "x", "gamma")
 
                                                                   Type: Void

-- Was wrong because 'expand' could drop terms
testIntegrate("1/(x^2-1)*(1-(I*x)^(1/2))^(1/2)", "x", "alg")
 
                                                                   Type: Void

-- Test for bad reduction was wrong, this could randomly
-- fail
i := sqrt(-1)
 

           +---+
   (495)  \|- 1
                                                        Type: AlgebraicNumber
y := sqrt(x^4  + (-2*i*b + 2)*x^3  + (-3*i*b + 1)*x^2  - i*b*x)
 

           +------------------------------------------------+
           |        3        2        +---+    4      3    2
   (496)  \|(- 2 b x  - 3 b x  - b x)\|- 1  + x  + 2 x  + x
                                                    Type: Expression(Integer)
n := i*x^4 + (4*b + 2*i)*x^3 + (- 4*i*b^2 + 6*b + i)*x^2 +
     (- 4*i*b^2 + 2*b)*x - i*b^2
 

   (497)
      +---+ 4             +---+  3         +---+ 2          +---+  2
     \|- 1 x  + (4 b + 2 \|- 1 )x  + (- 4 \|- 1 b  + 6 b + \|- 1 )x
   + 
           +---+ 2            +---+ 2
     (- 4 \|- 1 b  + 2 b)x - \|- 1 b
                                            Type: Polynomial(AlgebraicNumber)
d := x^8  + 4*x^7  + 13*x^6/2  + 11*x^5/2  + 5*x^4/2  + x^3/2
 

           8      7   13  6   11  5   5  4   1  3
   (498)  x  + 4 x  + -- x  + -- x  + - x  + - x
                       2       2      2      2
                                          Type: Polynomial(Fraction(Integer))

f := n*y/d
 

   (499)
             4      3         2      2      2       2  +---+        3         2
         (2 x  + 4 x  + (- 8 b  + 2)x  - 8 b x - 2 b )\|- 1  + 8 b x  + 12 b x
       + 
         4 b x
    *
        +------------------------------------------------+
        |        3        2        +---+    4      3    2
       \|(- 2 b x  - 3 b x  - b x)\|- 1  + x  + 2 x  + x
  /
        8      7       6       5      4    3
     2 x  + 8 x  + 13 x  + 11 x  + 5 x  + x
                                                    Type: Expression(Integer)
testIntegrate("f", "x", "alg")
 
                                                                   Type: Void

-- Failed due to polylog code
testIntegrate("D(log(x)*log(x+1), x)", "x", "elem")
 
                                                                   Type: Void

-- Failed due to sorting code
testTrue("(integrate((b*x+a)^m*(d*x+c)^n, x); true)")
 
                                                                   Type: Void

-- Failed checking integral basis at infinity
testTrue("(integrate((c*(b*x^2+a)^(1/2))^(3/2)/x^4,x); true)")
 
                                                                   Type: Void

-- Failed due to missing check in primextint
f := (-x*log(x) + (1 - x)*log(1 - x))/ _
      ((x^2  - x)*(polylog(2, x) + dilog(x) + 1))
 

                  - x log(x) + (- x + 1)log(- x + 1)
   (504)  --------------------------------------------------
            2                  2                       2
          (x  - x)dilog(x) + (x  - x)dilog(- x + 1) + x  - x
                                                    Type: Expression(Integer)
testTrue("(integrate(f + log(dilog(x)^4), x); true)")
 
                                                                   Type: Void

testcase "specific integrals"
 
   All user variables and function definitions have been cleared.
                                                                   Type: Void

testEquals("integrate((x + 2)^2/((x+2)^6 + 1), x)", "atan((x+2)^3)/3")
 
                                                                   Type: Void
testEquals("integrate(cos(x)/(1 + cos(x)), x)", "-sin(x)/(1 + cos(x)) + x")
 
                                                                   Type: Void
testEquals("integrate(cos(a*x)*sin(a*x), x)", "-cos(a*x)^2/(2*a)")
 
                                                                   Type: Void
testEquals("integrate(cosh(a*x)*sinh(a*x), x)",
           "(sinh(a*x)^2 + cosh(a*x)^2)/(4*a)")
 
                                                                   Type: Void
testEquals("integrate(cos(x)/sqrt(x), x = 0..%plusInfinity, _"noPole_")",
           "1/sqrt(2/%pi)")
 
                                                                   Type: Void
testEquals("integrate(sin(a+%i*log(c*x^2)),x)",
           "(3*%i*exp(a*%i)^2 + %i*c^2*x^4)/(6*c*x*exp(a*%i))")
 
                                                                   Type: Void

testcase "continuity tests"
 
   All user variables and function definitions have been cleared.
                                                                   Type: Void

f := (2560*x^3 - 400*x^2 - 576*x - 84)/(320*x^4 + 80*x^3 - 12*x^2 + 24*x + 9)
 

                3        2
          2560 x  - 400 x  - 576 x - 84
   (2)  ---------------------------------
             4       3       2
        320 x  + 80 x  - 12 x  + 24 x + 9
                                          Type: Fraction(Polynomial(Integer))
sqrt11 := sqrt(11)::EXPR INT
 

         +--+
   (3)  \|11
                                                    Type: Expression(Integer)
g := 2*log(320*x^4 + 80*x^3 - 12*x^2 + 24*x + 9) -
       2*sqrt(11)*atan((800*x^3 - 40*x^2 + 30*x + 57)/6/sqrt11) -
         2*sqrt(11)*atan((40*x - 7)/5/sqrt11)
 

   (4)
                4       3       2
     2 log(320 x  + 80 x  - 12 x  + 24 x + 9)
   + 
                        3       2
          +--+     800 x  - 40 x  + 30 x + 57       +--+     40 x - 7
     - 2 \|11 atan(--------------------------) - 2 \|11 atan(--------)
                                +--+                             +--+
                             6 \|11                           5 \|11
                                                    Type: Expression(Integer)
testEquals("integrate(f, x)", "g")
 
                                                                   Type: Void

a1 := exp x
 

          x
   (6)  %e
                                                    Type: Expression(Integer)
b1 := eval(f, x = a1)*D(a1, x)
 

                 x 4          x 3          x 2        x
         2560 (%e )  - 400 (%e )  - 576 (%e )  - 84 %e
   (7)  -----------------------------------------------
               x 4         x 3         x 2        x
        320 (%e )  + 80 (%e )  - 12 (%e )  + 24 %e  + 9
                                                    Type: Expression(Integer)
c1 := eval(g, x = a1)
 

   (8)
                  x 4         x 3         x 2        x
     2 log(320 (%e )  + 80 (%e )  - 12 (%e )  + 24 %e  + 9)
   + 
                        x 3         x 2        x                          x
        +--+     800 (%e )  - 40 (%e )  + 30 %e  + 57       +--+     40 %e  - 7
   - 2 \|11 atan(------------------------------------) - 2 \|11 atan(----------)
                                   +--+                                   +--+
                                6 \|11                                 5 \|11
                                                    Type: Expression(Integer)
testEquals("integrate(b1, x)", "c1")
 
                                                                   Type: Void

f1 := 1/sqrt(2 - x^2)
 

              1
   (10)  -----------
          +--------+
          |   2
         \|- x  + 2
                                                    Type: Expression(Integer)
g1 := atan(x/sqrt(2 - x^2))
 

                   x
   (11)  atan(-----------)
               +--------+
               |   2
              \|- x  + 2
                                                    Type: Expression(Integer)
testEquals("integrate(f1, x)", "g1")
 
                                                                   Type: Void

)set output algebra on
 
statistics()
 
   =============================================================================
   General WARNINGS:
   * do not use ')clear completely' before having used 'statistics()'
     It clears the statistics without warning!
   * do not forget to pass the arguments of the testXxxx functions as Strings!
     Otherwise, the test will fail and statistics() will not notice!

   =============================================================================
   Testsuite: integ
     failed (total): 0 (433)

   =============================================================================
   testsuite | testcases: failed (total) | tests: failed (total)
   integ                       0   (433)               0  (1300)
   =============================================================================
   File summary.
   unexpected failures: 0
   expected failures: 12
   unexpected passes: 0
   total tests: 1300
                                                                   Type: Void
)quit
 
